why,interesting,linkedinExperienceTitle,linkedinSearchResultUri,linkedInProfileUri,linkedInSearchQueryString
,,User Experience Engineer,https://www.linkedin.com/in/iandavidjohnson/?lipi=urn%3Ali%3Apage%3Ad_flagship3_search_srp_people%3BMaredZd0SriUap5J7MF6kQ%3D%3D&licu=urn%3Ali%3Acontrol%3Ad_flagship3_search_srp_people-search_srp_result&lici=X3K4ZPfgR%2FGSJMznwqLvyQ%3D%3D,https://www.linkedin.com/in/iandavidjohnson/,lipi=urn%3Ali%3Apage%3Ad_flagship3_search_srp_people%3BMaredZd0SriUap5J7MF6kQ%3D%3D&licu=urn%3Ali%3Acontrol%3Ad_flagship3_search_srp_people-search_srp_result&lici=X3K4ZPfgR%2FGSJMznwqLvyQ%3D%3D
,,User Experience Engineering Lead,https://www.linkedin.com/in/ginader/?lipi=urn%3Ali%3Apage%3Ad_flagship3_search_srp_people%3BMaredZd0SriUap5J7MF6kQ%3D%3D&licu=urn%3Ali%3Acontrol%3Ad_flagship3_search_srp_people-search_srp_result&lici=%2Bi%2FXGE0rQ7OwVpVT4WUrMg%3D%3D,https://www.linkedin.com/in/ginader/,lipi=urn%3Ali%3Apage%3Ad_flagship3_search_srp_people%3BMaredZd0SriUap5J7MF6kQ%3D%3D&licu=urn%3Ali%3Acontrol%3Ad_flagship3_search_srp_people-search_srp_result&lici=%2Bi%2FXGE0rQ7OwVpVT4WUrMg%3D%3D
,,User Experience Engineer,https://www.linkedin.com/in/carlmagnusborg/?lipi=urn%3Ali%3Apage%3Ad_flagship3_search_srp_people%3BMaredZd0SriUap5J7MF6kQ%3D%3D&licu=urn%3Ali%3Acontrol%3Ad_flagship3_search_srp_people-search_srp_result&lici=vPoDPY9%2FTvOXqkpgG9hTEA%3D%3D,https://www.linkedin.com/in/carlmagnusborg/,lipi=urn%3Ali%3Apage%3Ad_flagship3_search_srp_people%3BMaredZd0SriUap5J7MF6kQ%3D%3D&licu=urn%3Ali%3Acontrol%3Ad_flagship3_search_srp_people-search_srp_result&lici=vPoDPY9%2FTvOXqkpgG9hTEA%3D%3D
,,Senior UX Engineer,https://www.linkedin.com/in/jonathan-reid-a5a2819/?lipi=urn%3Ali%3Apage%3Ad_flagship3_search_srp_people%3BYj6EyCZuTWupur6p%2F0zmCw%3D%3D&licu=urn%3Ali%3Acontrol%3Ad_flagship3_search_srp_people-search_srp_result&lici=SiLdrmCzRsmRltWNi0KcDw%3D%3D,https://www.linkedin.com/in/jonathan-reid-a5a2819/,lipi=urn%3Ali%3Apage%3Ad_flagship3_search_srp_people%3BYj6EyCZuTWupur6p%2F0zmCw%3D%3D&licu=urn%3Ali%3Acontrol%3Ad_flagship3_search_srp_people-search_srp_result&lici=SiLdrmCzRsmRltWNi0KcDw%3D%3D
,,Staff User Experience Engineer,https://www.linkedin.com/in/manikrathee/?lipi=urn%3Ali%3Apage%3Ad_flagship3_search_srp_people%3BYj6EyCZuTWupur6p%2F0zmCw%3D%3D&licu=urn%3Ali%3Acontrol%3Ad_flagship3_search_srp_people-search_srp_result&lici=M3f2MzoCQ5SiB6gWb2wpQg%3D%3D,https://www.linkedin.com/in/manikrathee/,lipi=urn%3Ali%3Apage%3Ad_flagship3_search_srp_people%3BYj6EyCZuTWupur6p%2F0zmCw%3D%3D&licu=urn%3Ali%3Acontrol%3Ad_flagship3_search_srp_people-search_srp_result&lici=M3f2MzoCQ5SiB6gWb2wpQg%3D%3D
,,Software Engineer,https://www.linkedin.com/in/jonathan-willing-60681999/?lipi=urn%3Ali%3Apage%3Ad_flagship3_search_srp_people%3BYj6EyCZuTWupur6p%2F0zmCw%3D%3D&licu=urn%3Ali%3Acontrol%3Ad_flagship3_search_srp_people-search_srp_result&lici=ZRr%2BpRHbSHiu57ajVTEwPA%3D%3D,https://www.linkedin.com/in/jonathan-willing-60681999/,lipi=urn%3Ali%3Apage%3Ad_flagship3_search_srp_people%3BYj6EyCZuTWupur6p%2F0zmCw%3D%3D&licu=urn%3Ali%3Acontrol%3Ad_flagship3_search_srp_people-search_srp_result&lici=ZRr%2BpRHbSHiu57ajVTEwPA%3D%3D
,,UX Engineer,https://www.linkedin.com/in/robert-webb-66009b108/?lipi=urn%3Ali%3Apage%3Ad_flagship3_search_srp_people%3BYj6EyCZuTWupur6p%2F0zmCw%3D%3D&licu=urn%3Ali%3Acontrol%3Ad_flagship3_search_srp_people-search_srp_result&lici=XAjblLQJR1OGGrap%2Fv6OwA%3D%3D,https://www.linkedin.com/in/robert-webb-66009b108/,lipi=urn%3Ali%3Apage%3Ad_flagship3_search_srp_people%3BYj6EyCZuTWupur6p%2F0zmCw%3D%3D&licu=urn%3Ali%3Acontrol%3Ad_flagship3_search_srp_people-search_srp_result&lici=XAjblLQJR1OGGrap%2Fv6OwA%3D%3D
,,User Experience Engineer (Contract),https://www.linkedin.com/in/ketrinayim/?lipi=urn%3Ali%3Apage%3Ad_flagship3_search_srp_people%3BYj6EyCZuTWupur6p%2F0zmCw%3D%3D&licu=urn%3Ali%3Acontrol%3Ad_flagship3_search_srp_people-search_srp_result&lici=HHNFSBesQ%2BmEDKh%2BNac%2FQA%3D%3D,https://www.linkedin.com/in/ketrinayim/,lipi=urn%3Ali%3Apage%3Ad_flagship3_search_srp_people%3BYj6EyCZuTWupur6p%2F0zmCw%3D%3D&licu=urn%3Ali%3Acontrol%3Ad_flagship3_search_srp_people-search_srp_result&lici=HHNFSBesQ%2BmEDKh%2BNac%2FQA%3D%3D
,,Android UX Engineer,https://www.linkedin.com/in/justinmockler/?lipi=urn%3Ali%3Apage%3Ad_flagship3_search_srp_people%3BYj6EyCZuTWupur6p%2F0zmCw%3D%3D&licu=urn%3Ali%3Acontrol%3Ad_flagship3_search_srp_people-search_srp_result&lici=YaOZFPqWSpu0HnpQKVbtMQ%3D%3D,https://www.linkedin.com/in/justinmockler/,lipi=urn%3Ali%3Apage%3Ad_flagship3_search_srp_people%3BYj6EyCZuTWupur6p%2F0zmCw%3D%3D&licu=urn%3Ali%3Acontrol%3Ad_flagship3_search_srp_people-search_srp_result&lici=YaOZFPqWSpu0HnpQKVbtMQ%3D%3D
,,Interaction Designer,https://www.linkedin.com/in/vinaya-vishwanath-a1010120/?lipi=urn%3Ali%3Apage%3Ad_flagship3_search_srp_people%3BYj6EyCZuTWupur6p%2F0zmCw%3D%3D&licu=urn%3Ali%3Acontrol%3Ad_flagship3_search_srp_people-search_srp_result&lici=%2Bv%2FnDGiQRLGAIon2kaw%2BhQ%3D%3D,https://www.linkedin.com/in/vinaya-vishwanath-a1010120/,lipi=urn%3Ali%3Apage%3Ad_flagship3_search_srp_people%3BYj6EyCZuTWupur6p%2F0zmCw%3D%3D&licu=urn%3Ali%3Acontrol%3Ad_flagship3_search_srp_people-search_srp_result&lici=%2Bv%2FnDGiQRLGAIon2kaw%2BhQ%3D%3D
,,"User Experience Engineer, Design",https://www.linkedin.com/in/bernicewygo/?lipi=urn%3Ali%3Apage%3Ad_flagship3_search_srp_people%3BMaredZd0SriUap5J7MF6kQ%3D%3D&licu=urn%3Ali%3Acontrol%3Ad_flagship3_search_srp_people-search_srp_result&lici=puj%2FNuZ1TiqIGwuJkoiT%2FQ%3D%3D,https://www.linkedin.com/in/bernicewygo/,lipi=urn%3Ali%3Apage%3Ad_flagship3_search_srp_people%3BMaredZd0SriUap5J7MF6kQ%3D%3D&licu=urn%3Ali%3Acontrol%3Ad_flagship3_search_srp_people-search_srp_result&lici=puj%2FNuZ1TiqIGwuJkoiT%2FQ%3D%3D
,,Staff User Experience Engineer,https://www.linkedin.com/in/matthewlevine/?lipi=urn%3Ali%3Apage%3Ad_flagship3_search_srp_people%3BMaredZd0SriUap5J7MF6kQ%3D%3D&licu=urn%3Ali%3Acontrol%3Ad_flagship3_search_srp_people-search_srp_result&lici=IPOJqlZRSpGEB7pBNnu8ag%3D%3D,https://www.linkedin.com/in/matthewlevine/,lipi=urn%3Ali%3Apage%3Ad_flagship3_search_srp_people%3BMaredZd0SriUap5J7MF6kQ%3D%3D&licu=urn%3Ali%3Acontrol%3Ad_flagship3_search_srp_people-search_srp_result&lici=IPOJqlZRSpGEB7pBNnu8ag%3D%3D
,,User Experience Engineer,https://www.linkedin.com/in/cheryl-xiaoxuan-wang/?lipi=urn%3Ali%3Apage%3Ad_flagship3_search_srp_people%3BMaredZd0SriUap5J7MF6kQ%3D%3D&licu=urn%3Ali%3Acontrol%3Ad_flagship3_search_srp_people-search_srp_result&lici=2X3dtijMTM6IvwCSbbVz%2Bw%3D%3D,https://www.linkedin.com/in/cheryl-xiaoxuan-wang/,lipi=urn%3Ali%3Apage%3Ad_flagship3_search_srp_people%3BMaredZd0SriUap5J7MF6kQ%3D%3D&licu=urn%3Ali%3Acontrol%3Ad_flagship3_search_srp_people-search_srp_result&lici=2X3dtijMTM6IvwCSbbVz%2Bw%3D%3D
,,User Experience Engineer,https://www.linkedin.com/in/prateek-bhatnagar-2075a224/?lipi=urn%3Ali%3Apage%3Ad_flagship3_search_srp_people%3BMaredZd0SriUap5J7MF6kQ%3D%3D&licu=urn%3Ali%3Acontrol%3Ad_flagship3_search_srp_people-search_srp_result&lici=O1xkEHxoR1Ci6sLc0qVGlQ%3D%3D,https://www.linkedin.com/in/prateek-bhatnagar-2075a224/,lipi=urn%3Ali%3Apage%3Ad_flagship3_search_srp_people%3BMaredZd0SriUap5J7MF6kQ%3D%3D&licu=urn%3Ali%3Acontrol%3Ad_flagship3_search_srp_people-search_srp_result&lici=O1xkEHxoR1Ci6sLc0qVGlQ%3D%3D
,,User Experience Engineer,https://www.linkedin.com/in/seangrogg/?lipi=urn%3Ali%3Apage%3Ad_flagship3_search_srp_people%3BMaredZd0SriUap5J7MF6kQ%3D%3D&licu=urn%3Ali%3Acontrol%3Ad_flagship3_search_srp_people-search_srp_result&lici=%2B3KhBfryQUyoeod1Yi0jkg%3D%3D,https://www.linkedin.com/in/seangrogg/,lipi=urn%3Ali%3Apage%3Ad_flagship3_search_srp_people%3BMaredZd0SriUap5J7MF6kQ%3D%3D&licu=urn%3Ali%3Acontrol%3Ad_flagship3_search_srp_people-search_srp_result&lici=%2B3KhBfryQUyoeod1Yi0jkg%3D%3D
,,UX Engineer,https://www.linkedin.com/in/antin-harasymiv-06a9073/?lipi=urn%3Ali%3Apage%3Ad_flagship3_search_srp_people%3Bmv67i5rxRYOP9M86FOSzjA%3D%3D&licu=urn%3Ali%3Acontrol%3Ad_flagship3_search_srp_people-search_srp_result&lici=y9XO%2F8hVQdqnSL5punFL4g%3D%3D,https://www.linkedin.com/in/antin-harasymiv-06a9073/,lipi=urn%3Ali%3Apage%3Ad_flagship3_search_srp_people%3Bmv67i5rxRYOP9M86FOSzjA%3D%3D&licu=urn%3Ali%3Acontrol%3Ad_flagship3_search_srp_people-search_srp_result&lici=y9XO%2F8hVQdqnSL5punFL4g%3D%3D
,,UX Engineer,https://www.linkedin.com/in/shinyeonpark/?lipi=urn%3Ali%3Apage%3Ad_flagship3_search_srp_people%3Bmv67i5rxRYOP9M86FOSzjA%3D%3D&licu=urn%3Ali%3Acontrol%3Ad_flagship3_search_srp_people-search_srp_result&lici=yCs%2FRCfxSGuV2LL6lgTDaw%3D%3D,https://www.linkedin.com/in/shinyeonpark/,lipi=urn%3Ali%3Apage%3Ad_flagship3_search_srp_people%3Bmv67i5rxRYOP9M86FOSzjA%3D%3D&licu=urn%3Ali%3Acontrol%3Ad_flagship3_search_srp_people-search_srp_result&lici=yCs%2FRCfxSGuV2LL6lgTDaw%3D%3D
,,UX Engineer,https://www.linkedin.com/in/asward/?lipi=urn%3Ali%3Apage%3Ad_flagship3_search_srp_people%3Bmv67i5rxRYOP9M86FOSzjA%3D%3D&licu=urn%3Ali%3Acontrol%3Ad_flagship3_search_srp_people-search_srp_result&lici=ax7GIedyRVmL82W1y1W2xw%3D%3D,https://www.linkedin.com/in/asward/,lipi=urn%3Ali%3Apage%3Ad_flagship3_search_srp_people%3Bmv67i5rxRYOP9M86FOSzjA%3D%3D&licu=urn%3Ali%3Acontrol%3Ad_flagship3_search_srp_people-search_srp_result&lici=ax7GIedyRVmL82W1y1W2xw%3D%3D
,,UX Engineer,https://www.linkedin.com/in/jeffpierce/?lipi=urn%3Ali%3Apage%3Ad_flagship3_search_srp_people%3Bmv67i5rxRYOP9M86FOSzjA%3D%3D&licu=urn%3Ali%3Acontrol%3Ad_flagship3_search_srp_people-search_srp_result&lici=m2ladD%2B6TyCF%2F8cInx0uow%3D%3D,https://www.linkedin.com/in/jeffpierce/,lipi=urn%3Ali%3Apage%3Ad_flagship3_search_srp_people%3Bmv67i5rxRYOP9M86FOSzjA%3D%3D&licu=urn%3Ali%3Acontrol%3Ad_flagship3_search_srp_people-search_srp_result&lici=m2ladD%2B6TyCF%2F8cInx0uow%3D%3D
,,UX Engineer,https://www.linkedin.com/in/summermcdonald/?lipi=urn%3Ali%3Apage%3Ad_flagship3_search_srp_people%3Bmv67i5rxRYOP9M86FOSzjA%3D%3D&licu=urn%3Ali%3Acontrol%3Ad_flagship3_search_srp_people-search_srp_result&lici=KTHE1EORQ3CLGNeK4lOwYg%3D%3D,https://www.linkedin.com/in/summermcdonald/,lipi=urn%3Ali%3Apage%3Ad_flagship3_search_srp_people%3Bmv67i5rxRYOP9M86FOSzjA%3D%3D&licu=urn%3Ali%3Acontrol%3Ad_flagship3_search_srp_people-search_srp_result&lici=KTHE1EORQ3CLGNeK4lOwYg%3D%3D
,,UX Engineer,https://www.linkedin.com/in/zachary-aman-091bb327/?lipi=urn%3Ali%3Apage%3Ad_flagship3_search_srp_people%3Bmv67i5rxRYOP9M86FOSzjA%3D%3D&licu=urn%3Ali%3Acontrol%3Ad_flagship3_search_srp_people-search_srp_result&lici=FcpUdrszTeG9PYFtD0fEfg%3D%3D,https://www.linkedin.com/in/zachary-aman-091bb327/,lipi=urn%3Ali%3Apage%3Ad_flagship3_search_srp_people%3Bmv67i5rxRYOP9M86FOSzjA%3D%3D&licu=urn%3Ali%3Acontrol%3Ad_flagship3_search_srp_people-search_srp_result&lici=FcpUdrszTeG9PYFtD0fEfg%3D%3D
,,UX Engineer,https://www.linkedin.com/in/richardadem/?lipi=urn%3Ali%3Apage%3Ad_flagship3_search_srp_people%3Bmv67i5rxRYOP9M86FOSzjA%3D%3D&licu=urn%3Ali%3Acontrol%3Ad_flagship3_search_srp_people-search_srp_result&lici=VgsGUeiNTw%2Bd087i8eez0w%3D%3D,https://www.linkedin.com/in/richardadem/,lipi=urn%3Ali%3Apage%3Ad_flagship3_search_srp_people%3Bmv67i5rxRYOP9M86FOSzjA%3D%3D&licu=urn%3Ali%3Acontrol%3Ad_flagship3_search_srp_people-search_srp_result&lici=VgsGUeiNTw%2Bd087i8eez0w%3D%3D
,x,UX Engineer,https://www.linkedin.com/in/justinsecor/?lipi=urn%3Ali%3Apage%3Ad_flagship3_search_srp_people%3Bmv67i5rxRYOP9M86FOSzjA%3D%3D&licu=urn%3Ali%3Acontrol%3Ad_flagship3_search_srp_people-search_srp_result&lici=%2FfMBt1O%2BSeqLczuMj9SIgw%3D%3D,https://www.linkedin.com/in/justinsecor/,lipi=urn%3Ali%3Apage%3Ad_flagship3_search_srp_people%3Bmv67i5rxRYOP9M86FOSzjA%3D%3D&licu=urn%3Ali%3Acontrol%3Ad_flagship3_search_srp_people-search_srp_result&lici=%2FfMBt1O%2BSeqLczuMj9SIgw%3D%3D
,,UX Engineer,https://www.linkedin.com/in/jxson/?lipi=urn%3Ali%3Apage%3Ad_flagship3_search_srp_people%3Bmv67i5rxRYOP9M86FOSzjA%3D%3D&licu=urn%3Ali%3Acontrol%3Ad_flagship3_search_srp_people-search_srp_result&lici=t%2B6%2Fp6otTviqYPrXU1gtFw%3D%3D,https://www.linkedin.com/in/jxson/,lipi=urn%3Ali%3Apage%3Ad_flagship3_search_srp_people%3Bmv67i5rxRYOP9M86FOSzjA%3D%3D&licu=urn%3Ali%3Acontrol%3Ad_flagship3_search_srp_people-search_srp_result&lici=t%2B6%2Fp6otTviqYPrXU1gtFw%3D%3D
,,UX Engineer,https://www.linkedin.com/in/jerryuen/?lipi=urn%3Ali%3Apage%3Ad_flagship3_search_srp_people%3Bmv67i5rxRYOP9M86FOSzjA%3D%3D&licu=urn%3Ali%3Acontrol%3Ad_flagship3_search_srp_people-search_srp_result&lici=ergfqA59TWq%2BAhtXEA6odw%3D%3D,https://www.linkedin.com/in/jerryuen/,lipi=urn%3Ali%3Apage%3Ad_flagship3_search_srp_people%3Bmv67i5rxRYOP9M86FOSzjA%3D%3D&licu=urn%3Ali%3Acontrol%3Ad_flagship3_search_srp_people-search_srp_result&lici=ergfqA59TWq%2BAhtXEA6odw%3D%3D
,,UX Engineer,https://www.linkedin.com/in/brenda-chung-53276817/?lipi=urn%3Ali%3Apage%3Ad_flagship3_search_srp_people%3BY8NmhKxjSpahB7Z5OLZ%2B2w%3D%3D&licu=urn%3Ali%3Acontrol%3Ad_flagship3_search_srp_people-search_srp_result&lici=Kd%2BNrTrGTTmdS7OTkW1CSQ%3D%3D,https://www.linkedin.com/in/brenda-chung-53276817/,lipi=urn%3Ali%3Apage%3Ad_flagship3_search_srp_people%3BY8NmhKxjSpahB7Z5OLZ%2B2w%3D%3D&licu=urn%3Ali%3Acontrol%3Ad_flagship3_search_srp_people-search_srp_result&lici=Kd%2BNrTrGTTmdS7OTkW1CSQ%3D%3D
,x,UX Engineer,https://www.linkedin.com/in/aziz-syed-0b895964/?lipi=urn%3Ali%3Apage%3Ad_flagship3_search_srp_people%3BY8NmhKxjSpahB7Z5OLZ%2B2w%3D%3D&licu=urn%3Ali%3Acontrol%3Ad_flagship3_search_srp_people-search_srp_result&lici=LW97mMN7RkGkFF8ZbydS8g%3D%3D,https://www.linkedin.com/in/aziz-syed-0b895964/,lipi=urn%3Ali%3Apage%3Ad_flagship3_search_srp_people%3BY8NmhKxjSpahB7Z5OLZ%2B2w%3D%3D&licu=urn%3Ali%3Acontrol%3Ad_flagship3_search_srp_people-search_srp_result&lici=LW97mMN7RkGkFF8ZbydS8g%3D%3D
,,UX Engineer,https://www.linkedin.com/in/yukotakagi/?lipi=urn%3Ali%3Apage%3Ad_flagship3_search_srp_people%3BY8NmhKxjSpahB7Z5OLZ%2B2w%3D%3D&licu=urn%3Ali%3Acontrol%3Ad_flagship3_search_srp_people-search_srp_result&lici=9o%2BWU2lASz2YHr3Z9aKtlA%3D%3D,https://www.linkedin.com/in/yukotakagi/,lipi=urn%3Ali%3Apage%3Ad_flagship3_search_srp_people%3BY8NmhKxjSpahB7Z5OLZ%2B2w%3D%3D&licu=urn%3Ali%3Acontrol%3Ad_flagship3_search_srp_people-search_srp_result&lici=9o%2BWU2lASz2YHr3Z9aKtlA%3D%3D
,x,UX Engineer,https://www.linkedin.com/in/paulocoelhoiam/?lipi=urn%3Ali%3Apage%3Ad_flagship3_search_srp_people%3BY8NmhKxjSpahB7Z5OLZ%2B2w%3D%3D&licu=urn%3Ali%3Acontrol%3Ad_flagship3_search_srp_people-search_srp_result&lici=1WqEftSsSbqGDQ%2FS9WwrRQ%3D%3D,https://www.linkedin.com/in/paulocoelhoiam/,lipi=urn%3Ali%3Apage%3Ad_flagship3_search_srp_people%3BY8NmhKxjSpahB7Z5OLZ%2B2w%3D%3D&licu=urn%3Ali%3Acontrol%3Ad_flagship3_search_srp_people-search_srp_result&lici=1WqEftSsSbqGDQ%2FS9WwrRQ%3D%3D
,,UX Engineer,https://www.linkedin.com/in/gbrassey/?lipi=urn%3Ali%3Apage%3Ad_flagship3_search_srp_people%3BY8NmhKxjSpahB7Z5OLZ%2B2w%3D%3D&licu=urn%3Ali%3Acontrol%3Ad_flagship3_search_srp_people-search_srp_result&lici=1PLxk0bMRmq2kOh9GrCCfw%3D%3D,https://www.linkedin.com/in/gbrassey/,lipi=urn%3Ali%3Apage%3Ad_flagship3_search_srp_people%3BY8NmhKxjSpahB7Z5OLZ%2B2w%3D%3D&licu=urn%3Ali%3Acontrol%3Ad_flagship3_search_srp_people-search_srp_result&lici=1PLxk0bMRmq2kOh9GrCCfw%3D%3D
,,UX Engineer,https://www.linkedin.com/in/yangguangli/?lipi=urn%3Ali%3Apage%3Ad_flagship3_search_srp_people%3BY8NmhKxjSpahB7Z5OLZ%2B2w%3D%3D&licu=urn%3Ali%3Acontrol%3Ad_flagship3_search_srp_people-search_srp_result&lici=BkYIlpFLTQedaXYkYz2Stw%3D%3D,https://www.linkedin.com/in/yangguangli/,lipi=urn%3Ali%3Apage%3Ad_flagship3_search_srp_people%3BY8NmhKxjSpahB7Z5OLZ%2B2w%3D%3D&licu=urn%3Ali%3Acontrol%3Ad_flagship3_search_srp_people-search_srp_result&lici=BkYIlpFLTQedaXYkYz2Stw%3D%3D
,,UX Engineer,https://www.linkedin.com/in/kevinlozandier/?lipi=urn%3Ali%3Apage%3Ad_flagship3_search_srp_people%3BY8NmhKxjSpahB7Z5OLZ%2B2w%3D%3D&licu=urn%3Ali%3Acontrol%3Ad_flagship3_search_srp_people-search_srp_result&lici=DNwPwe5NSxyQQ%2FE%2FuY5n2A%3D%3D,https://www.linkedin.com/in/kevinlozandier/,lipi=urn%3Ali%3Apage%3Ad_flagship3_search_srp_people%3BY8NmhKxjSpahB7Z5OLZ%2B2w%3D%3D&licu=urn%3Ali%3Acontrol%3Ad_flagship3_search_srp_people-search_srp_result&lici=DNwPwe5NSxyQQ%2FE%2FuY5n2A%3D%3D
,,UX Engineer,https://www.linkedin.com/in/sam-raja-57b3979/?lipi=urn%3Ali%3Apage%3Ad_flagship3_search_srp_people%3BY8NmhKxjSpahB7Z5OLZ%2B2w%3D%3D&licu=urn%3Ali%3Acontrol%3Ad_flagship3_search_srp_people-search_srp_result&lici=uZd7rYofQbCKJfWgKiMFeA%3D%3D,https://www.linkedin.com/in/sam-raja-57b3979/,lipi=urn%3Ali%3Apage%3Ad_flagship3_search_srp_people%3BY8NmhKxjSpahB7Z5OLZ%2B2w%3D%3D&licu=urn%3Ali%3Acontrol%3Ad_flagship3_search_srp_people-search_srp_result&lici=uZd7rYofQbCKJfWgKiMFeA%3D%3D
,,UX Engineer,https://www.linkedin.com/in/gregorywieber/?lipi=urn%3Ali%3Apage%3Ad_flagship3_search_srp_people%3BY8NmhKxjSpahB7Z5OLZ%2B2w%3D%3D&licu=urn%3Ali%3Acontrol%3Ad_flagship3_search_srp_people-search_srp_result&lici=p8HiAut3T4KHf1d8ryZgbg%3D%3D,https://www.linkedin.com/in/gregorywieber/,lipi=urn%3Ali%3Apage%3Ad_flagship3_search_srp_people%3BY8NmhKxjSpahB7Z5OLZ%2B2w%3D%3D&licu=urn%3Ali%3Acontrol%3Ad_flagship3_search_srp_people-search_srp_result&lici=p8HiAut3T4KHf1d8ryZgbg%3D%3D
,,UX Engineer,https://www.linkedin.com/in/i-am-mike/?lipi=urn%3Ali%3Apage%3Ad_flagship3_search_srp_people%3BY8NmhKxjSpahB7Z5OLZ%2B2w%3D%3D&licu=urn%3Ali%3Acontrol%3Ad_flagship3_search_srp_people-search_srp_result&lici=T7AJSbssTDmrdVsuod1AxA%3D%3D,https://www.linkedin.com/in/i-am-mike/,lipi=urn%3Ali%3Apage%3Ad_flagship3_search_srp_people%3BY8NmhKxjSpahB7Z5OLZ%2B2w%3D%3D&licu=urn%3Ali%3Acontrol%3Ad_flagship3_search_srp_people-search_srp_result&lici=T7AJSbssTDmrdVsuod1AxA%3D%3D
,,"UX Engineer, Design",https://www.linkedin.com/in/jkymarsh/?lipi=urn%3Ali%3Apage%3Ad_flagship3_search_srp_people%3BtM%2FvwhUiR7i6vlJ43rCgMA%3D%3D&licu=urn%3Ali%3Acontrol%3Ad_flagship3_search_srp_people-search_srp_result&lici=h8KkrsWATwaYS9Wfmj1eNw%3D%3D,https://www.linkedin.com/in/jkymarsh/,lipi=urn%3Ali%3Apage%3Ad_flagship3_search_srp_people%3BtM%2FvwhUiR7i6vlJ43rCgMA%3D%3D&licu=urn%3Ali%3Acontrol%3Ad_flagship3_search_srp_people-search_srp_result&lici=h8KkrsWATwaYS9Wfmj1eNw%3D%3D
,,Software Engineer,https://www.linkedin.com/in/ryan-mcdermott-engineer/?lipi=urn%3Ali%3Apage%3Ad_flagship3_search_srp_people%3BtM%2FvwhUiR7i6vlJ43rCgMA%3D%3D&licu=urn%3Ali%3Acontrol%3Ad_flagship3_search_srp_people-search_srp_result&lici=%2B0j%2FYBe7RLu3h8dAMNH8JQ%3D%3D,https://www.linkedin.com/in/ryan-mcdermott-engineer/,lipi=urn%3Ali%3Apage%3Ad_flagship3_search_srp_people%3BtM%2FvwhUiR7i6vlJ43rCgMA%3D%3D&licu=urn%3Ali%3Acontrol%3Ad_flagship3_search_srp_people-search_srp_result&lici=%2B0j%2FYBe7RLu3h8dAMNH8JQ%3D%3D
,x,UX Engineer,https://www.linkedin.com/in/alex-leite-b553b86/?lipi=urn%3Ali%3Apage%3Ad_flagship3_search_srp_people%3BtM%2FvwhUiR7i6vlJ43rCgMA%3D%3D&licu=urn%3Ali%3Acontrol%3Ad_flagship3_search_srp_people-search_srp_result&lici=2TGxv07jT4SOWr9WWRELTQ%3D%3D,https://www.linkedin.com/in/alex-leite-b553b86/,lipi=urn%3Ali%3Apage%3Ad_flagship3_search_srp_people%3BtM%2FvwhUiR7i6vlJ43rCgMA%3D%3D&licu=urn%3Ali%3Acontrol%3Ad_flagship3_search_srp_people-search_srp_result&lici=2TGxv07jT4SOWr9WWRELTQ%3D%3D
,,UX Engineer,https://www.linkedin.com/in/donnieconner/?lipi=urn%3Ali%3Apage%3Ad_flagship3_search_srp_people%3BtM%2FvwhUiR7i6vlJ43rCgMA%3D%3D&licu=urn%3Ali%3Acontrol%3Ad_flagship3_search_srp_people-search_srp_result&lici=tlGwdrcYQnOd4CW2uh3L3Q%3D%3D,https://www.linkedin.com/in/donnieconner/,lipi=urn%3Ali%3Apage%3Ad_flagship3_search_srp_people%3BtM%2FvwhUiR7i6vlJ43rCgMA%3D%3D&licu=urn%3Ali%3Acontrol%3Ad_flagship3_search_srp_people-search_srp_result&lici=tlGwdrcYQnOd4CW2uh3L3Q%3D%3D
,x,UX Engineer,https://www.linkedin.com/in/pohung/?lipi=urn%3Ali%3Apage%3Ad_flagship3_search_srp_people%3BtM%2FvwhUiR7i6vlJ43rCgMA%3D%3D&licu=urn%3Ali%3Acontrol%3Ad_flagship3_search_srp_people-search_srp_result&lici=qxII3%2B0hSbOhi41jTaXnQw%3D%3D,https://www.linkedin.com/in/pohung/,lipi=urn%3Ali%3Apage%3Ad_flagship3_search_srp_people%3BtM%2FvwhUiR7i6vlJ43rCgMA%3D%3D&licu=urn%3Ali%3Acontrol%3Ad_flagship3_search_srp_people-search_srp_result&lici=qxII3%2B0hSbOhi41jTaXnQw%3D%3D
,,UX Engineer,https://www.linkedin.com/in/rvmook/?lipi=urn%3Ali%3Apage%3Ad_flagship3_search_srp_people%3BtM%2FvwhUiR7i6vlJ43rCgMA%3D%3D&licu=urn%3Ali%3Acontrol%3Ad_flagship3_search_srp_people-search_srp_result&lici=CFvSTXZnRzSPK%2B%2FjREkV8Q%3D%3D,https://www.linkedin.com/in/rvmook/,lipi=urn%3Ali%3Apage%3Ad_flagship3_search_srp_people%3BtM%2FvwhUiR7i6vlJ43rCgMA%3D%3D&licu=urn%3Ali%3Acontrol%3Ad_flagship3_search_srp_people-search_srp_result&lici=CFvSTXZnRzSPK%2B%2FjREkV8Q%3D%3D
,x,UX Engineer,https://www.linkedin.com/in/erikhaddad/?lipi=urn%3Ali%3Apage%3Ad_flagship3_search_srp_people%3BtM%2FvwhUiR7i6vlJ43rCgMA%3D%3D&licu=urn%3Ali%3Acontrol%3Ad_flagship3_search_srp_people-search_srp_result&lici=J379AMewTzimbeWP8l25DA%3D%3D,https://www.linkedin.com/in/erikhaddad/,lipi=urn%3Ali%3Apage%3Ad_flagship3_search_srp_people%3BtM%2FvwhUiR7i6vlJ43rCgMA%3D%3D&licu=urn%3Ali%3Acontrol%3Ad_flagship3_search_srp_people-search_srp_result&lici=J379AMewTzimbeWP8l25DA%3D%3D
,,UX Engineer,https://www.linkedin.com/in/kennethcachia/?lipi=urn%3Ali%3Apage%3Ad_flagship3_search_srp_people%3BtM%2FvwhUiR7i6vlJ43rCgMA%3D%3D&licu=urn%3Ali%3Acontrol%3Ad_flagship3_search_srp_people-search_srp_result&lici=ma4ducmDTaO0dWQGrC1UNQ%3D%3D,https://www.linkedin.com/in/kennethcachia/,lipi=urn%3Ali%3Apage%3Ad_flagship3_search_srp_people%3BtM%2FvwhUiR7i6vlJ43rCgMA%3D%3D&licu=urn%3Ali%3Acontrol%3Ad_flagship3_search_srp_people-search_srp_result&lici=ma4ducmDTaO0dWQGrC1UNQ%3D%3D
,,UX Engineer,https://www.linkedin.com/in/jonathan-chinchilla-5a76478/?lipi=urn%3Ali%3Apage%3Ad_flagship3_search_srp_people%3BtM%2FvwhUiR7i6vlJ43rCgMA%3D%3D&licu=urn%3Ali%3Acontrol%3Ad_flagship3_search_srp_people-search_srp_result&lici=4sbeYxyUSgeU9Mjm88vz7w%3D%3D,https://www.linkedin.com/in/jonathan-chinchilla-5a76478/,lipi=urn%3Ali%3Apage%3Ad_flagship3_search_srp_people%3BtM%2FvwhUiR7i6vlJ43rCgMA%3D%3D&licu=urn%3Ali%3Acontrol%3Ad_flagship3_search_srp_people-search_srp_result&lici=4sbeYxyUSgeU9Mjm88vz7w%3D%3D
,,UX Engineer,https://www.linkedin.com/in/tim-s-21350729/?lipi=urn%3Ali%3Apage%3Ad_flagship3_search_srp_people%3BtM%2FvwhUiR7i6vlJ43rCgMA%3D%3D&licu=urn%3Ali%3Acontrol%3Ad_flagship3_search_srp_people-search_srp_result&lici=3GcVXl2QS8CVGWfV8pCfwA%3D%3D,https://www.linkedin.com/in/tim-s-21350729/,lipi=urn%3Ali%3Apage%3Ad_flagship3_search_srp_people%3BtM%2FvwhUiR7i6vlJ43rCgMA%3D%3D&licu=urn%3Ali%3Acontrol%3Ad_flagship3_search_srp_people-search_srp_result&lici=3GcVXl2QS8CVGWfV8pCfwA%3D%3D
,x,UX Engineer,https://www.linkedin.com/in/fightinjoe/?lipi=urn%3Ali%3Apage%3Ad_flagship3_search_srp_people%3BZmG1u4B9TNCIoBEPYFFHew%3D%3D&licu=urn%3Ali%3Acontrol%3Ad_flagship3_search_srp_people-search_srp_result&lici=aMSlpSgmTeSfZYbahyRq0w%3D%3D,https://www.linkedin.com/in/fightinjoe/,lipi=urn%3Ali%3Apage%3Ad_flagship3_search_srp_people%3BZmG1u4B9TNCIoBEPYFFHew%3D%3D&licu=urn%3Ali%3Acontrol%3Ad_flagship3_search_srp_people-search_srp_result&lici=aMSlpSgmTeSfZYbahyRq0w%3D%3D
,,UX Engineer,https://www.linkedin.com/in/jtrenton/?lipi=urn%3Ali%3Apage%3Ad_flagship3_search_srp_people%3BZmG1u4B9TNCIoBEPYFFHew%3D%3D&licu=urn%3Ali%3Acontrol%3Ad_flagship3_search_srp_people-search_srp_result&lici=0a5%2BwZTJS4KKNTqqQUF2LQ%3D%3D,https://www.linkedin.com/in/jtrenton/,lipi=urn%3Ali%3Apage%3Ad_flagship3_search_srp_people%3BZmG1u4B9TNCIoBEPYFFHew%3D%3D&licu=urn%3Ali%3Acontrol%3Ad_flagship3_search_srp_people-search_srp_result&lici=0a5%2BwZTJS4KKNTqqQUF2LQ%3D%3D
,,"Senior UX Engineer, Front End",https://www.linkedin.com/in/mttpwll/?lipi=urn%3Ali%3Apage%3Ad_flagship3_search_srp_people%3BZmG1u4B9TNCIoBEPYFFHew%3D%3D&licu=urn%3Ali%3Acontrol%3Ad_flagship3_search_srp_people-search_srp_result&lici=%2B0jrJ6%2FHT5WDYFYAZYcxFQ%3D%3D,https://www.linkedin.com/in/mttpwll/,lipi=urn%3Ali%3Apage%3Ad_flagship3_search_srp_people%3BZmG1u4B9TNCIoBEPYFFHew%3D%3D&licu=urn%3Ali%3Acontrol%3Ad_flagship3_search_srp_people-search_srp_result&lici=%2B0jrJ6%2FHT5WDYFYAZYcxFQ%3D%3D
,,UX Engineer & Tech Lead,https://www.linkedin.com/in/anjren/?lipi=urn%3Ali%3Apage%3Ad_flagship3_search_srp_people%3BZmG1u4B9TNCIoBEPYFFHew%3D%3D&licu=urn%3Ali%3Acontrol%3Ad_flagship3_search_srp_people-search_srp_result&lici=qKvLGoBcS6mhhX%2FIbi0Pgg%3D%3D,https://www.linkedin.com/in/anjren/,lipi=urn%3Ali%3Apage%3Ad_flagship3_search_srp_people%3BZmG1u4B9TNCIoBEPYFFHew%3D%3D&licu=urn%3Ali%3Acontrol%3Ad_flagship3_search_srp_people-search_srp_result&lici=qKvLGoBcS6mhhX%2FIbi0Pgg%3D%3D
,,"UX Engineer, Android Platform",https://www.linkedin.com/in/marvinbernal/?lipi=urn%3Ali%3Apage%3Ad_flagship3_search_srp_people%3BZmG1u4B9TNCIoBEPYFFHew%3D%3D&licu=urn%3Ali%3Acontrol%3Ad_flagship3_search_srp_people-search_srp_result&lici=bMCfxWIWRFCeEpEzhiLQyQ%3D%3D,https://www.linkedin.com/in/marvinbernal/,lipi=urn%3Ali%3Apage%3Ad_flagship3_search_srp_people%3BZmG1u4B9TNCIoBEPYFFHew%3D%3D&licu=urn%3Ali%3Acontrol%3Ad_flagship3_search_srp_people-search_srp_result&lici=bMCfxWIWRFCeEpEzhiLQyQ%3D%3D
,xx,UX Engineer,https://www.linkedin.com/in/oisinlavery/?lipi=urn%3Ali%3Apage%3Ad_flagship3_search_srp_people%3BZmG1u4B9TNCIoBEPYFFHew%3D%3D&licu=urn%3Ali%3Acontrol%3Ad_flagship3_search_srp_people-search_srp_result&lici=Ipr85QxqSNa7jbV9hKnEGg%3D%3D,https://www.linkedin.com/in/oisinlavery/,lipi=urn%3Ali%3Apage%3Ad_flagship3_search_srp_people%3BZmG1u4B9TNCIoBEPYFFHew%3D%3D&licu=urn%3Ali%3Acontrol%3Ad_flagship3_search_srp_people-search_srp_result&lici=Ipr85QxqSNa7jbV9hKnEGg%3D%3D
,,Software Engineer,https://www.linkedin.com/in/tatiana-campbell-6a7aa214/?lipi=urn%3Ali%3Apage%3Ad_flagship3_search_srp_people%3BZmG1u4B9TNCIoBEPYFFHew%3D%3D&licu=urn%3Ali%3Acontrol%3Ad_flagship3_search_srp_people-search_srp_result&lici=WRNEPzhzRBq1ys91XDHlYg%3D%3D,https://www.linkedin.com/in/tatiana-campbell-6a7aa214/,lipi=urn%3Ali%3Apage%3Ad_flagship3_search_srp_people%3BZmG1u4B9TNCIoBEPYFFHew%3D%3D&licu=urn%3Ali%3Acontrol%3Ad_flagship3_search_srp_people-search_srp_result&lici=WRNEPzhzRBq1ys91XDHlYg%3D%3D
,,UX Engineer,https://www.linkedin.com/in/dannykingme/?lipi=urn%3Ali%3Apage%3Ad_flagship3_search_srp_people%3BZmG1u4B9TNCIoBEPYFFHew%3D%3D&licu=urn%3Ali%3Acontrol%3Ad_flagship3_search_srp_people-search_srp_result&lici=XbrwEDuhRJy1h5sOU1DPSA%3D%3D,https://www.linkedin.com/in/dannykingme/,lipi=urn%3Ali%3Apage%3Ad_flagship3_search_srp_people%3BZmG1u4B9TNCIoBEPYFFHew%3D%3D&licu=urn%3Ali%3Acontrol%3Ad_flagship3_search_srp_people-search_srp_result&lici=XbrwEDuhRJy1h5sOU1DPSA%3D%3D
,,UX Engineer,https://www.linkedin.com/in/joryphillips/?lipi=urn%3Ali%3Apage%3Ad_flagship3_search_srp_people%3BZmG1u4B9TNCIoBEPYFFHew%3D%3D&licu=urn%3Ali%3Acontrol%3Ad_flagship3_search_srp_people-search_srp_result&lici=02xxUWKyRzmADCsTsfT%2BHg%3D%3D,https://www.linkedin.com/in/joryphillips/,lipi=urn%3Ali%3Apage%3Ad_flagship3_search_srp_people%3BZmG1u4B9TNCIoBEPYFFHew%3D%3D&licu=urn%3Ali%3Acontrol%3Ad_flagship3_search_srp_people-search_srp_result&lici=02xxUWKyRzmADCsTsfT%2BHg%3D%3D
,x,UX Engineer,https://www.linkedin.com/in/sehughes/?lipi=urn%3Ali%3Apage%3Ad_flagship3_search_srp_people%3BZmG1u4B9TNCIoBEPYFFHew%3D%3D&licu=urn%3Ali%3Acontrol%3Ad_flagship3_search_srp_people-search_srp_result&lici=5ZkHyynDQQ6PGQ2wnohLmQ%3D%3D,https://www.linkedin.com/in/sehughes/,lipi=urn%3Ali%3Apage%3Ad_flagship3_search_srp_people%3BZmG1u4B9TNCIoBEPYFFHew%3D%3D&licu=urn%3Ali%3Acontrol%3Ad_flagship3_search_srp_people-search_srp_result&lici=5ZkHyynDQQ6PGQ2wnohLmQ%3D%3D
"data visualization engineer title before, working on google cloud",x,"UX Engineer, Front End",https://www.linkedin.com/in/littleton-riggins-386b2a21/?lipi=urn%3Ali%3Apage%3Ad_flagship3_search_srp_people%3BzD7IFhejQ3ymDXYycTjwBQ%3D%3D&licu=urn%3Ali%3Acontrol%3Ad_flagship3_search_srp_people-search_srp_result&lici=zLTxTAfXSBSEVoQ9cOa3%2FQ%3D%3D,https://www.linkedin.com/in/littleton-riggins-386b2a21/,lipi=urn%3Ali%3Apage%3Ad_flagship3_search_srp_people%3BzD7IFhejQ3ymDXYycTjwBQ%3D%3D&licu=urn%3Ali%3Acontrol%3Ad_flagship3_search_srp_people-search_srp_result&lici=zLTxTAfXSBSEVoQ9cOa3%2FQ%3D%3D
,,UX Engineer,https://www.linkedin.com/in/jonathantyates/?lipi=urn%3Ali%3Apage%3Ad_flagship3_search_srp_people%3BzD7IFhejQ3ymDXYycTjwBQ%3D%3D&licu=urn%3Ali%3Acontrol%3Ad_flagship3_search_srp_people-search_srp_result&lici=J4P8kM%2BWRqGOgSGxY2n0dw%3D%3D,https://www.linkedin.com/in/jonathantyates/,lipi=urn%3Ali%3Apage%3Ad_flagship3_search_srp_people%3BzD7IFhejQ3ymDXYycTjwBQ%3D%3D&licu=urn%3Ali%3Acontrol%3Ad_flagship3_search_srp_people-search_srp_result&lici=J4P8kM%2BWRqGOgSGxY2n0dw%3D%3D
google cloud,x,UX Engineer,https://www.linkedin.com/in/danielpherbert/?lipi=urn%3Ali%3Apage%3Ad_flagship3_search_srp_people%3BzD7IFhejQ3ymDXYycTjwBQ%3D%3D&licu=urn%3Ali%3Acontrol%3Ad_flagship3_search_srp_people-search_srp_result&lici=tRMlLsm%2BRzCnmHKtuMzRlA%3D%3D,https://www.linkedin.com/in/danielpherbert/,lipi=urn%3Ali%3Apage%3Ad_flagship3_search_srp_people%3BzD7IFhejQ3ymDXYycTjwBQ%3D%3D&licu=urn%3Ali%3Acontrol%3Ad_flagship3_search_srp_people-search_srp_result&lici=tRMlLsm%2BRzCnmHKtuMzRlA%3D%3D
,,"UX Engineer, Identity",https://www.linkedin.com/in/zackyma/?lipi=urn%3Ali%3Apage%3Ad_flagship3_search_srp_people%3BzD7IFhejQ3ymDXYycTjwBQ%3D%3D&licu=urn%3Ali%3Acontrol%3Ad_flagship3_search_srp_people-search_srp_result&lici=nQuBrfCORDukYZv2zJ1DEA%3D%3D,https://www.linkedin.com/in/zackyma/,lipi=urn%3Ali%3Apage%3Ad_flagship3_search_srp_people%3BzD7IFhejQ3ymDXYycTjwBQ%3D%3D&licu=urn%3Ali%3Acontrol%3Ad_flagship3_search_srp_people-search_srp_result&lici=nQuBrfCORDukYZv2zJ1DEA%3D%3D
knows Annie Ha from Adatao,x,Senior UX Engineer,https://www.linkedin.com/in/anhdnguyen/?lipi=urn%3Ali%3Apage%3Ad_flagship3_search_srp_people%3BzD7IFhejQ3ymDXYycTjwBQ%3D%3D&licu=urn%3Ali%3Acontrol%3Ad_flagship3_search_srp_people-search_srp_result&lici=Yj2CSIAmTUOoDcD28tGFSg%3D%3D,https://www.linkedin.com/in/anhdnguyen/,lipi=urn%3Ali%3Apage%3Ad_flagship3_search_srp_people%3BzD7IFhejQ3ymDXYycTjwBQ%3D%3D&licu=urn%3Ali%3Acontrol%3Ad_flagship3_search_srp_people-search_srp_result&lici=Yj2CSIAmTUOoDcD28tGFSg%3D%3D
"""The ZOO"" Google global creative team",x,Senior UX Engineer,https://www.linkedin.com/in/lbayliss/?lipi=urn%3Ali%3Apage%3Ad_flagship3_search_srp_people%3BzD7IFhejQ3ymDXYycTjwBQ%3D%3D&licu=urn%3Ali%3Acontrol%3Ad_flagship3_search_srp_people-search_srp_result&lici=bU4KQlSSR722L2ftIcPhHA%3D%3D,https://www.linkedin.com/in/lbayliss/,lipi=urn%3Ali%3Apage%3Ad_flagship3_search_srp_people%3BzD7IFhejQ3ymDXYycTjwBQ%3D%3D&licu=urn%3Ali%3Acontrol%3Ad_flagship3_search_srp_people-search_srp_result&lici=bU4KQlSSR722L2ftIcPhHA%3D%3D
mentions d3,x,Senior UX Engineer,https://www.linkedin.com/in/kaushalvinodshah/?lipi=urn%3Ali%3Apage%3Ad_flagship3_search_srp_people%3BzD7IFhejQ3ymDXYycTjwBQ%3D%3D&licu=urn%3Ali%3Acontrol%3Ad_flagship3_search_srp_people-search_srp_result&lici=inLI7KzHQoOtl7uPu%2FwAlQ%3D%3D,https://www.linkedin.com/in/kaushalvinodshah/,lipi=urn%3Ali%3Apage%3Ad_flagship3_search_srp_people%3BzD7IFhejQ3ymDXYycTjwBQ%3D%3D&licu=urn%3Ali%3Acontrol%3Ad_flagship3_search_srp_people-search_srp_result&lici=inLI7KzHQoOtl7uPu%2FwAlQ%3D%3D
,,Software Engineer / UX Engineer,https://www.linkedin.com/in/ryan-shea-803947138/?lipi=urn%3Ali%3Apage%3Ad_flagship3_search_srp_people%3BzD7IFhejQ3ymDXYycTjwBQ%3D%3D&licu=urn%3Ali%3Acontrol%3Ad_flagship3_search_srp_people-search_srp_result&lici=4Mr5%2FKueS4qBSGQgbBfiLQ%3D%3D,https://www.linkedin.com/in/ryan-shea-803947138/,lipi=urn%3Ali%3Apage%3Ad_flagship3_search_srp_people%3BzD7IFhejQ3ymDXYycTjwBQ%3D%3D&licu=urn%3Ali%3Acontrol%3Ad_flagship3_search_srp_people-search_srp_result&lici=4Mr5%2FKueS4qBSGQgbBfiLQ%3D%3D
nice description of mocks and prototypes,x,UX Engineer (Search & Assistant),https://www.linkedin.com/in/andrewswank/?lipi=urn%3Ali%3Apage%3Ad_flagship3_search_srp_people%3BzD7IFhejQ3ymDXYycTjwBQ%3D%3D&licu=urn%3Ali%3Acontrol%3Ad_flagship3_search_srp_people-search_srp_result&lici=AoQJPfgKR0y8Sb99fwdV6Q%3D%3D,https://www.linkedin.com/in/andrewswank/,lipi=urn%3Ali%3Apage%3Ad_flagship3_search_srp_people%3BzD7IFhejQ3ymDXYycTjwBQ%3D%3D&licu=urn%3Ali%3Acontrol%3Ad_flagship3_search_srp_people-search_srp_result&lici=AoQJPfgKR0y8Sb99fwdV6Q%3D%3D
,,UX Engineer,https://www.linkedin.com/in/jonathansng/?lipi=urn%3Ali%3Apage%3Ad_flagship3_search_srp_people%3BzD7IFhejQ3ymDXYycTjwBQ%3D%3D&licu=urn%3Ali%3Acontrol%3Ad_flagship3_search_srp_people-search_srp_result&lici=Em%2FetbcDQyu4z9tqqdtriw%3D%3D,https://www.linkedin.com/in/jonathansng/,lipi=urn%3Ali%3Apage%3Ad_flagship3_search_srp_people%3BzD7IFhejQ3ymDXYycTjwBQ%3D%3D&licu=urn%3Ali%3Acontrol%3Ad_flagship3_search_srp_people-search_srp_result&lici=Em%2FetbcDQyu4z9tqqdtriw%3D%3D
third person bio,x,Senior UX Engineer (Doodle & Assistant),https://www.linkedin.com/in/cmiscm/?lipi=urn%3Ali%3Apage%3Ad_flagship3_search_srp_people%3BoGUKkYVBQKO2hIRAjZlfDg%3D%3D&licu=urn%3Ali%3Acontrol%3Ad_flagship3_search_srp_people-search_srp_result&lici=kaS4d1vXRRiqMImexVtY1A%3D%3D,https://www.linkedin.com/in/cmiscm/,lipi=urn%3Ali%3Apage%3Ad_flagship3_search_srp_people%3BoGUKkYVBQKO2hIRAjZlfDg%3D%3D&licu=urn%3Ali%3Acontrol%3Ad_flagship3_search_srp_people-search_srp_result&lici=kaS4d1vXRRiqMImexVtY1A%3D%3D
first lego leaugue referee,x,UX Engineer/Designer,https://www.linkedin.com/in/xavier-benavides-palos-24a03081/?lipi=urn%3Ali%3Apage%3Ad_flagship3_search_srp_people%3BoGUKkYVBQKO2hIRAjZlfDg%3D%3D&licu=urn%3Ali%3Acontrol%3Ad_flagship3_search_srp_people-search_srp_result&lici=TKZGkwz3TJ69eOjGyqMBSQ%3D%3D,https://www.linkedin.com/in/xavier-benavides-palos-24a03081/,lipi=urn%3Ali%3Apage%3Ad_flagship3_search_srp_people%3BoGUKkYVBQKO2hIRAjZlfDg%3D%3D&licu=urn%3Ali%3Acontrol%3Ad_flagship3_search_srp_people-search_srp_result&lici=TKZGkwz3TJ69eOjGyqMBSQ%3D%3D
long endorsement,x,UX Engineer,https://www.linkedin.com/in/robert-webb-66009b108/?lipi=urn%3Ali%3Apage%3Ad_flagship3_search_srp_people%3BoGUKkYVBQKO2hIRAjZlfDg%3D%3D&licu=urn%3Ali%3Acontrol%3Ad_flagship3_search_srp_people-search_srp_result&lici=35CaYCotS9makELyWReRTQ%3D%3D,https://www.linkedin.com/in/robert-webb-66009b108/,lipi=urn%3Ali%3Apage%3Ad_flagship3_search_srp_people%3BoGUKkYVBQKO2hIRAjZlfDg%3D%3D&licu=urn%3Ali%3Acontrol%3Ad_flagship3_search_srp_people-search_srp_result&lici=35CaYCotS9makELyWReRTQ%3D%3D
,,Senior UX Engineer,https://www.linkedin.com/in/dillon-grove-46709a34/?lipi=urn%3Ali%3Apage%3Ad_flagship3_search_srp_people%3BoGUKkYVBQKO2hIRAjZlfDg%3D%3D&licu=urn%3Ali%3Acontrol%3Ad_flagship3_search_srp_people-search_srp_result&lici=dK6e%2Bn%2BARH%2BeXnvelKT6LA%3D%3D,https://www.linkedin.com/in/dillon-grove-46709a34/,lipi=urn%3Ali%3Apage%3Ad_flagship3_search_srp_people%3BoGUKkYVBQKO2hIRAjZlfDg%3D%3D&licu=urn%3Ali%3Acontrol%3Ad_flagship3_search_srp_people-search_srp_result&lici=dK6e%2Bn%2BARH%2BeXnvelKT6LA%3D%3D
"pixelated profile photo, mixed reality researcher",x ,Senior UX Engineer,https://www.linkedin.com/in/dabhaid/?lipi=urn%3Ali%3Apage%3Ad_flagship3_search_srp_people%3BoGUKkYVBQKO2hIRAjZlfDg%3D%3D&licu=urn%3Ali%3Acontrol%3Ad_flagship3_search_srp_people-search_srp_result&lici=ibJV4VFyT2CpPJFT1EQgmA%3D%3D,https://www.linkedin.com/in/dabhaid/,lipi=urn%3Ali%3Apage%3Ad_flagship3_search_srp_people%3BoGUKkYVBQKO2hIRAjZlfDg%3D%3D&licu=urn%3Ali%3Acontrol%3Ad_flagship3_search_srp_people-search_srp_result&lici=ibJV4VFyT2CpPJFT1EQgmA%3D%3D
,,UX Engineer,https://www.linkedin.com/in/samkeene/?lipi=urn%3Ali%3Apage%3Ad_flagship3_search_srp_people%3BoGUKkYVBQKO2hIRAjZlfDg%3D%3D&licu=urn%3Ali%3Acontrol%3Ad_flagship3_search_srp_people-search_srp_result&lici=xTm99%2BvgS3C08yD9HJN7wQ%3D%3D,https://www.linkedin.com/in/samkeene/,lipi=urn%3Ali%3Apage%3Ad_flagship3_search_srp_people%3BoGUKkYVBQKO2hIRAjZlfDg%3D%3D&licu=urn%3Ali%3Acontrol%3Ad_flagship3_search_srp_people-search_srp_result&lici=xTm99%2BvgS3C08yD9HJN7wQ%3D%3D
,,Senior UX Engineer,https://www.linkedin.com/in/egpark/?lipi=urn%3Ali%3Apage%3Ad_flagship3_search_srp_people%3BoGUKkYVBQKO2hIRAjZlfDg%3D%3D&licu=urn%3Ali%3Acontrol%3Ad_flagship3_search_srp_people-search_srp_result&lici=Om7S5ZxiTJe70BC4o7i50w%3D%3D,https://www.linkedin.com/in/egpark/,lipi=urn%3Ali%3Apage%3Ad_flagship3_search_srp_people%3BoGUKkYVBQKO2hIRAjZlfDg%3D%3D&licu=urn%3Ali%3Acontrol%3Ad_flagship3_search_srp_people-search_srp_result&lici=Om7S5ZxiTJe70BC4o7i50w%3D%3D
"knows Tony Chu, third person bio",x,Senior UX Engineer,https://www.linkedin.com/in/jeffhoefs/?lipi=urn%3Ali%3Apage%3Ad_flagship3_search_srp_people%3BoGUKkYVBQKO2hIRAjZlfDg%3D%3D&licu=urn%3Ali%3Acontrol%3Ad_flagship3_search_srp_people-search_srp_result&lici=eX9H9QwDRhCua1%2BYsZPrxQ%3D%3D,https://www.linkedin.com/in/jeffhoefs/,lipi=urn%3Ali%3Apage%3Ad_flagship3_search_srp_people%3BoGUKkYVBQKO2hIRAjZlfDg%3D%3D&licu=urn%3Ali%3Acontrol%3Ad_flagship3_search_srp_people-search_srp_result&lici=eX9H9QwDRhCua1%2BYsZPrxQ%3D%3D
google cloud,x,UX Engineer,https://www.linkedin.com/in/nkester/?lipi=urn%3Ali%3Apage%3Ad_flagship3_search_srp_people%3BoGUKkYVBQKO2hIRAjZlfDg%3D%3D&licu=urn%3Ali%3Acontrol%3Ad_flagship3_search_srp_people-search_srp_result&lici=NvP8PTkxQHym%2FKTpCyVwJw%3D%3D,https://www.linkedin.com/in/nkester/,lipi=urn%3Ali%3Apage%3Ad_flagship3_search_srp_people%3BoGUKkYVBQKO2hIRAjZlfDg%3D%3D&licu=urn%3Ali%3Acontrol%3Ad_flagship3_search_srp_people-search_srp_result&lici=NvP8PTkxQHym%2FKTpCyVwJw%3D%3D
"mentions d3, college radio, humorous bio, also Rice University. Knows Houston people Paige Bailey and Ian Wells",x,UX Engineer / Interaction Designer,https://www.linkedin.com/in/joeyjyang/?lipi=urn%3Ali%3Apage%3Ad_flagship3_search_srp_people%3BoGUKkYVBQKO2hIRAjZlfDg%3D%3D&licu=urn%3Ali%3Acontrol%3Ad_flagship3_search_srp_people-search_srp_result&lici=eLXSgoqRS%2Bmyx5DYgNCJ8A%3D%3D,https://www.linkedin.com/in/joeyjyang/,lipi=urn%3Ali%3Apage%3Ad_flagship3_search_srp_people%3BoGUKkYVBQKO2hIRAjZlfDg%3D%3D&licu=urn%3Ali%3Acontrol%3Ad_flagship3_search_srp_people-search_srp_result&lici=eLXSgoqRS%2Bmyx5DYgNCJ8A%3D%3D
,,UX Engineer,https://www.linkedin.com/in/chriswgonzalez/?lipi=urn%3Ali%3Apage%3Ad_flagship3_search_srp_people%3Bh8C6K0k2QRmASvctgwP4jw%3D%3D&licu=urn%3Ali%3Acontrol%3Ad_flagship3_search_srp_people-search_srp_result&lici=k4moPbliQ3iCk%2F%2FYRBe49g%3D%3D,https://www.linkedin.com/in/chriswgonzalez/,lipi=urn%3Ali%3Apage%3Ad_flagship3_search_srp_people%3Bh8C6K0k2QRmASvctgwP4jw%3D%3D&licu=urn%3Ali%3Acontrol%3Ad_flagship3_search_srp_people-search_srp_result&lici=k4moPbliQ3iCk%2F%2FYRBe49g%3D%3D
,,Senior UX Engineer,https://www.linkedin.com/in/ben-mccanny-0bba2126/?lipi=urn%3Ali%3Apage%3Ad_flagship3_search_srp_people%3Bh8C6K0k2QRmASvctgwP4jw%3D%3D&licu=urn%3Ali%3Acontrol%3Ad_flagship3_search_srp_people-search_srp_result&lici=2%2FJQ9qvwTESNnBnrcgHFUg%3D%3D,https://www.linkedin.com/in/ben-mccanny-0bba2126/,lipi=urn%3Ali%3Apage%3Ad_flagship3_search_srp_people%3Bh8C6K0k2QRmASvctgwP4jw%3D%3D&licu=urn%3Ali%3Acontrol%3Ad_flagship3_search_srp_people-search_srp_result&lici=2%2FJQ9qvwTESNnBnrcgHFUg%3D%3D
,,Staff UX Engineer,https://www.linkedin.com/in/michaltodorovic/?lipi=urn%3Ali%3Apage%3Ad_flagship3_search_srp_people%3Bh8C6K0k2QRmASvctgwP4jw%3D%3D&licu=urn%3Ali%3Acontrol%3Ad_flagship3_search_srp_people-search_srp_result&lici=Y3E9blAYTDiKS5Ed9Qb9hA%3D%3D,https://www.linkedin.com/in/michaltodorovic/,lipi=urn%3Ali%3Apage%3Ad_flagship3_search_srp_people%3Bh8C6K0k2QRmASvctgwP4jw%3D%3D&licu=urn%3Ali%3Acontrol%3Ad_flagship3_search_srp_people-search_srp_result&lici=Y3E9blAYTDiKS5Ed9Qb9hA%3D%3D
nyt experience,x,"UX Engineer, Front End Engineering",https://www.linkedin.com/in/jguintohsu/?lipi=urn%3Ali%3Apage%3Ad_flagship3_search_srp_people%3Bh8C6K0k2QRmASvctgwP4jw%3D%3D&licu=urn%3Ali%3Acontrol%3Ad_flagship3_search_srp_people-search_srp_result&lici=tV%2FFomvERxeX84SXWx6Bgw%3D%3D,https://www.linkedin.com/in/jguintohsu/,lipi=urn%3Ali%3Apage%3Ad_flagship3_search_srp_people%3Bh8C6K0k2QRmASvctgwP4jw%3D%3D&licu=urn%3Ali%3Acontrol%3Ad_flagship3_search_srp_people-search_srp_result&lici=tV%2FFomvERxeX84SXWx6Bgw%3D%3D
,,UX Engineer Staff Lead,https://www.linkedin.com/in/richardylo/?lipi=urn%3Ali%3Apage%3Ad_flagship3_search_srp_people%3Bh8C6K0k2QRmASvctgwP4jw%3D%3D&licu=urn%3Ali%3Acontrol%3Ad_flagship3_search_srp_people-search_srp_result&lici=QpllO7dtSe%2BhPr0naWFL7w%3D%3D,https://www.linkedin.com/in/richardylo/,lipi=urn%3Ali%3Apage%3Ad_flagship3_search_srp_people%3Bh8C6K0k2QRmASvctgwP4jw%3D%3D&licu=urn%3Ali%3Acontrol%3Ad_flagship3_search_srp_people-search_srp_result&lici=QpllO7dtSe%2BhPr0naWFL7w%3D%3D
,,Senior UX Engineer,https://www.linkedin.com/in/ejcavazos/?lipi=urn%3Ali%3Apage%3Ad_flagship3_search_srp_people%3Bh8C6K0k2QRmASvctgwP4jw%3D%3D&licu=urn%3Ali%3Acontrol%3Ad_flagship3_search_srp_people-search_srp_result&lici=EfWuWNVdQC%2B0c8e87ls0Mg%3D%3D,https://www.linkedin.com/in/ejcavazos/,lipi=urn%3Ali%3Apage%3Ad_flagship3_search_srp_people%3Bh8C6K0k2QRmASvctgwP4jw%3D%3D&licu=urn%3Ali%3Acontrol%3Ad_flagship3_search_srp_people-search_srp_result&lici=EfWuWNVdQC%2B0c8e87ls0Mg%3D%3D
,,Staff UX Engineer,https://www.linkedin.com/in/munishdabas/?lipi=urn%3Ali%3Apage%3Ad_flagship3_search_srp_people%3Bh8C6K0k2QRmASvctgwP4jw%3D%3D&licu=urn%3Ali%3Acontrol%3Ad_flagship3_search_srp_people-search_srp_result&lici=xr5vKaCOTFqWDJ%2BW3T7EuQ%3D%3D,https://www.linkedin.com/in/munishdabas/,lipi=urn%3Ali%3Apage%3Ad_flagship3_search_srp_people%3Bh8C6K0k2QRmASvctgwP4jw%3D%3D&licu=urn%3Ali%3Acontrol%3Ad_flagship3_search_srp_people-search_srp_result&lici=xr5vKaCOTFqWDJ%2BW3T7EuQ%3D%3D
,,YouTube UX Engineer,https://www.linkedin.com/in/ljrogers27/?lipi=urn%3Ali%3Apage%3Ad_flagship3_search_srp_people%3Bh8C6K0k2QRmASvctgwP4jw%3D%3D&licu=urn%3Ali%3Acontrol%3Ad_flagship3_search_srp_people-search_srp_result&lici=nb4fJEcRSyi4bL9EMR0HWg%3D%3D,https://www.linkedin.com/in/ljrogers27/,lipi=urn%3Ali%3Apage%3Ad_flagship3_search_srp_people%3Bh8C6K0k2QRmASvctgwP4jw%3D%3D&licu=urn%3Ali%3Acontrol%3Ad_flagship3_search_srp_people-search_srp_result&lici=nb4fJEcRSyi4bL9EMR0HWg%3D%3D
,,"UX Engineer, Tech Lead",https://www.linkedin.com/in/calebmosher/?lipi=urn%3Ali%3Apage%3Ad_flagship3_search_srp_people%3Bh8C6K0k2QRmASvctgwP4jw%3D%3D&licu=urn%3Ali%3Acontrol%3Ad_flagship3_search_srp_people-search_srp_result&lici=MRXzep46TUWG%2BZ4yUxQ30g%3D%3D,https://www.linkedin.com/in/calebmosher/,lipi=urn%3Ali%3Apage%3Ad_flagship3_search_srp_people%3Bh8C6K0k2QRmASvctgwP4jw%3D%3D&licu=urn%3Ali%3Acontrol%3Ad_flagship3_search_srp_people-search_srp_result&lici=MRXzep46TUWG%2BZ4yUxQ30g%3D%3D
,,Senior UX Engineer,https://www.linkedin.com/in/marcovhv/?lipi=urn%3Ali%3Apage%3Ad_flagship3_search_srp_people%3BR%2BIvvl7OT768sTmv7lj%2FyA%3D%3D&licu=urn%3Ali%3Acontrol%3Ad_flagship3_search_srp_people-search_srp_result&lici=m33FDTUmQXa3uDO8b9V%2Brg%3D%3D,https://www.linkedin.com/in/marcovhv/,lipi=urn%3Ali%3Apage%3Ad_flagship3_search_srp_people%3BR%2BIvvl7OT768sTmv7lj%2FyA%3D%3D&licu=urn%3Ali%3Acontrol%3Ad_flagship3_search_srp_people-search_srp_result&lici=m33FDTUmQXa3uDO8b9V%2Brg%3D%3D
third person bio,x,UX Engineer,https://www.linkedin.com/in/studiotimo/?lipi=urn%3Ali%3Apage%3Ad_flagship3_search_srp_people%3BR%2BIvvl7OT768sTmv7lj%2FyA%3D%3D&licu=urn%3Ali%3Acontrol%3Ad_flagship3_search_srp_people-search_srp_result&lici=TuDsmSgNSpeYitFRFGCQXA%3D%3D,https://www.linkedin.com/in/studiotimo/,lipi=urn%3Ali%3Apage%3Ad_flagship3_search_srp_people%3BR%2BIvvl7OT768sTmv7lj%2FyA%3D%3D&licu=urn%3Ali%3Acontrol%3Ad_flagship3_search_srp_people-search_srp_result&lici=TuDsmSgNSpeYitFRFGCQXA%3D%3D
,,Senior UX Engineer,https://www.linkedin.com/in/sriramkrish85/?lipi=urn%3Ali%3Apage%3Ad_flagship3_search_srp_people%3BR%2BIvvl7OT768sTmv7lj%2FyA%3D%3D&licu=urn%3Ali%3Acontrol%3Ad_flagship3_search_srp_people-search_srp_result&lici=feGnMZCBRButA5sI2gzrjg%3D%3D,https://www.linkedin.com/in/sriramkrish85/,lipi=urn%3Ali%3Apage%3Ad_flagship3_search_srp_people%3BR%2BIvvl7OT768sTmv7lj%2FyA%3D%3D&licu=urn%3Ali%3Acontrol%3Ad_flagship3_search_srp_people-search_srp_result&lici=feGnMZCBRButA5sI2gzrjg%3D%3D
"third person bio, OU, uxe linkedin shortname",x,Senior UX Engineer,https://www.linkedin.com/in/uxe/?lipi=urn%3Ali%3Apage%3Ad_flagship3_search_srp_people%3BR%2BIvvl7OT768sTmv7lj%2FyA%3D%3D&licu=urn%3Ali%3Acontrol%3Ad_flagship3_search_srp_people-search_srp_result&lici=jZaKPt3dQpOI%2BA1lq7Ga1A%3D%3D,https://www.linkedin.com/in/uxe/,lipi=urn%3Ali%3Apage%3Ad_flagship3_search_srp_people%3BR%2BIvvl7OT768sTmv7lj%2FyA%3D%3D&licu=urn%3Ali%3Acontrol%3Ad_flagship3_search_srp_people-search_srp_result&lici=jZaKPt3dQpOI%2BA1lq7Ga1A%3D%3D
,,"UX Engineer, Front-End",https://www.linkedin.com/in/yerushanuh/?lipi=urn%3Ali%3Apage%3Ad_flagship3_search_srp_people%3BR%2BIvvl7OT768sTmv7lj%2FyA%3D%3D&licu=urn%3Ali%3Acontrol%3Ad_flagship3_search_srp_people-search_srp_result&lici=5eUespkuTcyExItnfB6SUw%3D%3D,https://www.linkedin.com/in/yerushanuh/,lipi=urn%3Ali%3Apage%3Ad_flagship3_search_srp_people%3BR%2BIvvl7OT768sTmv7lj%2FyA%3D%3D&licu=urn%3Ali%3Acontrol%3Ad_flagship3_search_srp_people-search_srp_result&lici=5eUespkuTcyExItnfB6SUw%3D%3D
"nyt experience, vis person, UXE Design",x,"UX Engineer, Design",https://www.linkedin.com/in/nik-hanselmann-0a41032b/?lipi=urn%3Ali%3Apage%3Ad_flagship3_search_srp_people%3BR%2BIvvl7OT768sTmv7lj%2FyA%3D%3D&licu=urn%3Ali%3Acontrol%3Ad_flagship3_search_srp_people-search_srp_result&lici=WeJD6GezQtaYH1sh88qHuw%3D%3D,https://www.linkedin.com/in/nik-hanselmann-0a41032b/,lipi=urn%3Ali%3Apage%3Ad_flagship3_search_srp_people%3BR%2BIvvl7OT768sTmv7lj%2FyA%3D%3D&licu=urn%3Ali%3Acontrol%3Ad_flagship3_search_srp_people-search_srp_result&lici=WeJD6GezQtaYH1sh88qHuw%3D%3D
google cloud,x,"UX Engineer, Google Cloud",https://www.linkedin.com/in/timmalabuyo/?lipi=urn%3Ali%3Apage%3Ad_flagship3_search_srp_people%3BR%2BIvvl7OT768sTmv7lj%2FyA%3D%3D&licu=urn%3Ali%3Acontrol%3Ad_flagship3_search_srp_people-search_srp_result&lici=1T%2BjMaekRMGWwSnPuhCEtg%3D%3D,https://www.linkedin.com/in/timmalabuyo/,lipi=urn%3Ali%3Apage%3Ad_flagship3_search_srp_people%3BR%2BIvvl7OT768sTmv7lj%2FyA%3D%3D&licu=urn%3Ali%3Acontrol%3Ad_flagship3_search_srp_people-search_srp_result&lici=1T%2BjMaekRMGWwSnPuhCEtg%3D%3D
,,Senior UX Engineer,https://www.linkedin.com/in/miroslavbojic/?lipi=urn%3Ali%3Apage%3Ad_flagship3_search_srp_people%3BR%2BIvvl7OT768sTmv7lj%2FyA%3D%3D&licu=urn%3Ali%3Acontrol%3Ad_flagship3_search_srp_people-search_srp_result&lici=Z5l%2BBlG0QZyZlP%2Beg4EOgw%3D%3D,https://www.linkedin.com/in/miroslavbojic/,lipi=urn%3Ali%3Apage%3Ad_flagship3_search_srp_people%3BR%2BIvvl7OT768sTmv7lj%2FyA%3D%3D&licu=urn%3Ali%3Acontrol%3Ad_flagship3_search_srp_people-search_srp_result&lici=Z5l%2BBlG0QZyZlP%2Beg4EOgw%3D%3D
,,Senior UX Engineer,https://www.linkedin.com/in/scott-blankenship-3462895/?lipi=urn%3Ali%3Apage%3Ad_flagship3_search_srp_people%3BR%2BIvvl7OT768sTmv7lj%2FyA%3D%3D&licu=urn%3Ali%3Acontrol%3Ad_flagship3_search_srp_people-search_srp_result&lici=p3XFtxazTLqrz5D1VpX0Tw%3D%3D,https://www.linkedin.com/in/scott-blankenship-3462895/,lipi=urn%3Ali%3Apage%3Ad_flagship3_search_srp_people%3BR%2BIvvl7OT768sTmv7lj%2FyA%3D%3D&licu=urn%3Ali%3Acontrol%3Ad_flagship3_search_srp_people-search_srp_result&lici=p3XFtxazTLqrz5D1VpX0Tw%3D%3D
,,"UX Engineer, Google Maps & Search / Material Design",https://www.linkedin.com/in/crchao/?lipi=urn%3Ali%3Apage%3Ad_flagship3_search_srp_people%3BR%2BIvvl7OT768sTmv7lj%2FyA%3D%3D&licu=urn%3Ali%3Acontrol%3Ad_flagship3_search_srp_people-search_srp_result&lici=s02jFXrFSNOQBwd7FkmMEw%3D%3D,https://www.linkedin.com/in/crchao/,lipi=urn%3Ali%3Apage%3Ad_flagship3_search_srp_people%3BR%2BIvvl7OT768sTmv7lj%2FyA%3D%3D&licu=urn%3Ali%3Acontrol%3Ad_flagship3_search_srp_people-search_srp_result&lici=s02jFXrFSNOQBwd7FkmMEw%3D%3D
project soli,x,"UX Engineer, Project Soli",https://www.linkedin.com/in/keyu-chen-81908a48/?lipi=urn%3Ali%3Apage%3Ad_flagship3_search_srp_people%3BUL5C%2BXWASfyVtSRseRS1ng%3D%3D&licu=urn%3Ali%3Acontrol%3Ad_flagship3_search_srp_people-search_srp_result&lici=FLn8zD6FSyO0QE2a2PiVOg%3D%3D,https://www.linkedin.com/in/keyu-chen-81908a48/,lipi=urn%3Ali%3Apage%3Ad_flagship3_search_srp_people%3BUL5C%2BXWASfyVtSRseRS1ng%3D%3D&licu=urn%3Ali%3Acontrol%3Ad_flagship3_search_srp_people-search_srp_result&lici=FLn8zD6FSyO0QE2a2PiVOg%3D%3D
third person bio,x,Staff UX Engineer,https://www.linkedin.com/in/carlsz/?lipi=urn%3Ali%3Apage%3Ad_flagship3_search_srp_people%3BUL5C%2BXWASfyVtSRseRS1ng%3D%3D&licu=urn%3Ali%3Acontrol%3Ad_flagship3_search_srp_people-search_srp_result&lici=HccNMh6eQmuVprtEnIpWvw%3D%3D,https://www.linkedin.com/in/carlsz/,lipi=urn%3Ali%3Apage%3Ad_flagship3_search_srp_people%3BUL5C%2BXWASfyVtSRseRS1ng%3D%3D&licu=urn%3Ali%3Acontrol%3Ad_flagship3_search_srp_people-search_srp_result&lici=HccNMh6eQmuVprtEnIpWvw%3D%3D
,,Frontend/UX Engineer,https://www.linkedin.com/in/moxizhou/?lipi=urn%3Ali%3Apage%3Ad_flagship3_search_srp_people%3BUL5C%2BXWASfyVtSRseRS1ng%3D%3D&licu=urn%3Ali%3Acontrol%3Ad_flagship3_search_srp_people-search_srp_result&lici=X15qfiHAS2%2BHBgi5w5J%2B4w%3D%3D,https://www.linkedin.com/in/moxizhou/,lipi=urn%3Ali%3Apage%3Ad_flagship3_search_srp_people%3BUL5C%2BXWASfyVtSRseRS1ng%3D%3D&licu=urn%3Ali%3Acontrol%3Ad_flagship3_search_srp_people-search_srp_result&lici=X15qfiHAS2%2BHBgi5w5J%2B4w%3D%3D
,,UX Engineer - Material Design,https://www.linkedin.com/in/clayton-meador-4b197b29/?lipi=urn%3Ali%3Apage%3Ad_flagship3_search_srp_people%3BUL5C%2BXWASfyVtSRseRS1ng%3D%3D&licu=urn%3Ali%3Acontrol%3Ad_flagship3_search_srp_people-search_srp_result&lici=70Q3ma8JRw%2BX4SZAi7uJFA%3D%3D,https://www.linkedin.com/in/clayton-meador-4b197b29/,lipi=urn%3Ali%3Apage%3Ad_flagship3_search_srp_people%3BUL5C%2BXWASfyVtSRseRS1ng%3D%3D&licu=urn%3Ali%3Acontrol%3Ad_flagship3_search_srp_people-search_srp_result&lici=70Q3ma8JRw%2BX4SZAi7uJFA%3D%3D
"ar, leap motion, vive",x,"UX Egineer AR/VR, Design",https://www.linkedin.com/in/mikeakent/?lipi=urn%3Ali%3Apage%3Ad_flagship3_search_srp_people%3BUL5C%2BXWASfyVtSRseRS1ng%3D%3D&licu=urn%3Ali%3Acontrol%3Ad_flagship3_search_srp_people-search_srp_result&lici=7LO%2F8%2B4WSK%2BOZSwfFaNtEg%3D%3D,https://www.linkedin.com/in/mikeakent/,lipi=urn%3Ali%3Apage%3Ad_flagship3_search_srp_people%3BUL5C%2BXWASfyVtSRseRS1ng%3D%3D&licu=urn%3Ali%3Acontrol%3Ad_flagship3_search_srp_people-search_srp_result&lici=7LO%2F8%2B4WSK%2BOZSwfFaNtEg%3D%3D
,,Software Engineer,https://www.linkedin.com/in/amarple/?lipi=urn%3Ali%3Apage%3Ad_flagship3_search_srp_people%3BUL5C%2BXWASfyVtSRseRS1ng%3D%3D&licu=urn%3Ali%3Acontrol%3Ad_flagship3_search_srp_people-search_srp_result&lici=k4PhMOVGTAyJM2B764MqQw%3D%3D,https://www.linkedin.com/in/amarple/,lipi=urn%3Ali%3Apage%3Ad_flagship3_search_srp_people%3BUL5C%2BXWASfyVtSRseRS1ng%3D%3D&licu=urn%3Ali%3Acontrol%3Ad_flagship3_search_srp_people-search_srp_result&lici=k4PhMOVGTAyJM2B764MqQw%3D%3D
,,UX Engineer,https://www.linkedin.com/in/david-jen-226a06/?lipi=urn%3Ali%3Apage%3Ad_flagship3_search_srp_people%3BUL5C%2BXWASfyVtSRseRS1ng%3D%3D&licu=urn%3Ali%3Acontrol%3Ad_flagship3_search_srp_people-search_srp_result&lici=WSmyKaWNTq6gM75aNHQ0kA%3D%3D,https://www.linkedin.com/in/david-jen-226a06/,lipi=urn%3Ali%3Apage%3Ad_flagship3_search_srp_people%3BUL5C%2BXWASfyVtSRseRS1ng%3D%3D&licu=urn%3Ali%3Acontrol%3Ad_flagship3_search_srp_people-search_srp_result&lici=WSmyKaWNTq6gM75aNHQ0kA%3D%3D
,x,UX Engineering Recruiter,https://www.linkedin.com/in/chin-yee-chew-54b626126/?lipi=urn%3Ali%3Apage%3Ad_flagship3_search_srp_people%3BUL5C%2BXWASfyVtSRseRS1ng%3D%3D&licu=urn%3Ali%3Acontrol%3Ad_flagship3_search_srp_people-search_srp_result&lici=SKIRv6QFRwONHbs27%2B4IHw%3D%3D,https://www.linkedin.com/in/chin-yee-chew-54b626126/,lipi=urn%3Ali%3Apage%3Ad_flagship3_search_srp_people%3BUL5C%2BXWASfyVtSRseRS1ng%3D%3D&licu=urn%3Ali%3Acontrol%3Ad_flagship3_search_srp_people-search_srp_result&lici=SKIRv6QFRwONHbs27%2B4IHw%3D%3D
,,UX Engineer,https://www.linkedin.com/in/terranleung/?lipi=urn%3Ali%3Apage%3Ad_flagship3_search_srp_people%3BUL5C%2BXWASfyVtSRseRS1ng%3D%3D&licu=urn%3Ali%3Acontrol%3Ad_flagship3_search_srp_people-search_srp_result&lici=i4AXmTPRQsW0LK0mhixxDw%3D%3D,https://www.linkedin.com/in/terranleung/,lipi=urn%3Ali%3Apage%3Ad_flagship3_search_srp_people%3BUL5C%2BXWASfyVtSRseRS1ng%3D%3D&licu=urn%3Ali%3Acontrol%3Ad_flagship3_search_srp_people-search_srp_result&lici=i4AXmTPRQsW0LK0mhixxDw%3D%3D
,,UX Engineer Recruiter,https://www.linkedin.com/in/kelsey-wagner-51520031/?lipi=urn%3Ali%3Apage%3Ad_flagship3_search_srp_people%3BUL5C%2BXWASfyVtSRseRS1ng%3D%3D&licu=urn%3Ali%3Acontrol%3Ad_flagship3_search_srp_people-search_srp_result&lici=j1wrk87tTzeDIgL%2B292U0w%3D%3D,https://www.linkedin.com/in/kelsey-wagner-51520031/,lipi=urn%3Ali%3Apage%3Ad_flagship3_search_srp_people%3BUL5C%2BXWASfyVtSRseRS1ng%3D%3D&licu=urn%3Ali%3Acontrol%3Ad_flagship3_search_srp_people-search_srp_result&lici=j1wrk87tTzeDIgL%2B292U0w%3D%3D
,,Senior UX Engineer,https://www.linkedin.com/in/stephenvarga/?lipi=urn%3Ali%3Apage%3Ad_flagship3_search_srp_people%3BXWyPRUfMQXW1oBhESz4OMQ%3D%3D&licu=urn%3Ali%3Acontrol%3Ad_flagship3_search_srp_people-search_srp_result&lici=QTaI%2BUgpTjaRjxP0s0yEXQ%3D%3D,https://www.linkedin.com/in/stephenvarga/,lipi=urn%3Ali%3Apage%3Ad_flagship3_search_srp_people%3BXWyPRUfMQXW1oBhESz4OMQ%3D%3D&licu=urn%3Ali%3Acontrol%3Ad_flagship3_search_srp_people-search_srp_result&lici=QTaI%2BUgpTjaRjxP0s0yEXQ%3D%3D
,,Software Engineer,https://www.linkedin.com/in/eliseosoto/?lipi=urn%3Ali%3Apage%3Ad_flagship3_search_srp_people%3BXWyPRUfMQXW1oBhESz4OMQ%3D%3D&licu=urn%3Ali%3Acontrol%3Ad_flagship3_search_srp_people-search_srp_result&lici=K54Ii446Svqv%2FeU0vX3xVQ%3D%3D,https://www.linkedin.com/in/eliseosoto/,lipi=urn%3Ali%3Apage%3Ad_flagship3_search_srp_people%3BXWyPRUfMQXW1oBhESz4OMQ%3D%3D&licu=urn%3Ali%3Acontrol%3Ad_flagship3_search_srp_people-search_srp_result&lici=K54Ii446Svqv%2FeU0vX3xVQ%3D%3D
,,Staff User Experience Engineer,https://www.linkedin.com/in/matthewlevine/?lipi=urn%3Ali%3Apage%3Ad_flagship3_search_srp_people%3BXWyPRUfMQXW1oBhESz4OMQ%3D%3D&licu=urn%3Ali%3Acontrol%3Ad_flagship3_search_srp_people-search_srp_result&lici=4ri1uiY0RFKfdbJPl0rlAg%3D%3D,https://www.linkedin.com/in/matthewlevine/,lipi=urn%3Ali%3Apage%3Ad_flagship3_search_srp_people%3BXWyPRUfMQXW1oBhESz4OMQ%3D%3D&licu=urn%3Ali%3Acontrol%3Ad_flagship3_search_srp_people-search_srp_result&lici=4ri1uiY0RFKfdbJPl0rlAg%3D%3D
,,Senior UX Engineer,https://www.linkedin.com/in/jsantell/?lipi=urn%3Ali%3Apage%3Ad_flagship3_search_srp_people%3BXWyPRUfMQXW1oBhESz4OMQ%3D%3D&licu=urn%3Ali%3Acontrol%3Ad_flagship3_search_srp_people-search_srp_result&lici=W0G4j5vgS4WsTXBRImLUPQ%3D%3D,https://www.linkedin.com/in/jsantell/,lipi=urn%3Ali%3Apage%3Ad_flagship3_search_srp_people%3BXWyPRUfMQXW1oBhESz4OMQ%3D%3D&licu=urn%3Ali%3Acontrol%3Ad_flagship3_search_srp_people-search_srp_result&lici=W0G4j5vgS4WsTXBRImLUPQ%3D%3D
worked with Google Glass,x,Staff UX Engineer,https://www.linkedin.com/in/nirmal-patel-6073a520/?lipi=urn%3Ali%3Apage%3Ad_flagship3_search_srp_people%3BXWyPRUfMQXW1oBhESz4OMQ%3D%3D&licu=urn%3Ali%3Acontrol%3Ad_flagship3_search_srp_people-search_srp_result&lici=C8dMHzV2QrSWGvjw0enSzg%3D%3D,https://www.linkedin.com/in/nirmal-patel-6073a520/,lipi=urn%3Ali%3Apage%3Ad_flagship3_search_srp_people%3BXWyPRUfMQXW1oBhESz4OMQ%3D%3D&licu=urn%3Ali%3Acontrol%3Ad_flagship3_search_srp_people-search_srp_result&lici=C8dMHzV2QrSWGvjw0enSzg%3D%3D
,,Senior Android UX Engineer,https://www.linkedin.com/in/mdigman/?lipi=urn%3Ali%3Apage%3Ad_flagship3_search_srp_people%3BXWyPRUfMQXW1oBhESz4OMQ%3D%3D&licu=urn%3Ali%3Acontrol%3Ad_flagship3_search_srp_people-search_srp_result&lici=yMJLhib3QumjUaeC%2FTJ0qg%3D%3D,https://www.linkedin.com/in/mdigman/,lipi=urn%3Ali%3Apage%3Ad_flagship3_search_srp_people%3BXWyPRUfMQXW1oBhESz4OMQ%3D%3D&licu=urn%3Ali%3Acontrol%3Ad_flagship3_search_srp_people-search_srp_result&lici=yMJLhib3QumjUaeC%2FTJ0qg%3D%3D
,,Front End Engineer / UX Engineer,https://www.linkedin.com/in/brad-fowler-97418433/?lipi=urn%3Ali%3Apage%3Ad_flagship3_search_srp_people%3BXWyPRUfMQXW1oBhESz4OMQ%3D%3D&licu=urn%3Ali%3Acontrol%3Ad_flagship3_search_srp_people-search_srp_result&lici=ZWKRaI3sQlq2vmYq2aNo3Q%3D%3D,https://www.linkedin.com/in/brad-fowler-97418433/,lipi=urn%3Ali%3Apage%3Ad_flagship3_search_srp_people%3BXWyPRUfMQXW1oBhESz4OMQ%3D%3D&licu=urn%3Ali%3Acontrol%3Ad_flagship3_search_srp_people-search_srp_result&lici=ZWKRaI3sQlq2vmYq2aNo3Q%3D%3D
"binary, humor",x,Software Engineer,https://www.linkedin.com/in/baldwin/?lipi=urn%3Ali%3Apage%3Ad_flagship3_search_srp_people%3BXWyPRUfMQXW1oBhESz4OMQ%3D%3D&licu=urn%3Ali%3Acontrol%3Ad_flagship3_search_srp_people-search_srp_result&lici=Vxopi%2BzlROOxxtFtqmffbg%3D%3D,https://www.linkedin.com/in/baldwin/,lipi=urn%3Ali%3Apage%3Ad_flagship3_search_srp_people%3BXWyPRUfMQXW1oBhESz4OMQ%3D%3D&licu=urn%3Ali%3Acontrol%3Ad_flagship3_search_srp_people-search_srp_result&lici=Vxopi%2BzlROOxxtFtqmffbg%3D%3D
,,UX Engineer,https://www.linkedin.com/in/dylanhudson/?lipi=urn%3Ali%3Apage%3Ad_flagship3_search_srp_people%3BXWyPRUfMQXW1oBhESz4OMQ%3D%3D&licu=urn%3Ali%3Acontrol%3Ad_flagship3_search_srp_people-search_srp_result&lici=FP%2BOs0%2F9RjiGYkLpUeRQiQ%3D%3D,https://www.linkedin.com/in/dylanhudson/,lipi=urn%3Ali%3Apage%3Ad_flagship3_search_srp_people%3BXWyPRUfMQXW1oBhESz4OMQ%3D%3D&licu=urn%3Ali%3Acontrol%3Ad_flagship3_search_srp_people-search_srp_result&lici=FP%2BOs0%2F9RjiGYkLpUeRQiQ%3D%3D
,,UX Engineer,https://www.linkedin.com/in/luis-rosero/?lipi=urn%3Ali%3Apage%3Ad_flagship3_search_srp_people%3BXWyPRUfMQXW1oBhESz4OMQ%3D%3D&licu=urn%3Ali%3Acontrol%3Ad_flagship3_search_srp_people-search_srp_result&lici=USCxcIcAQiO%2BPbFmmCTjfg%3D%3D,https://www.linkedin.com/in/luis-rosero/,lipi=urn%3Ali%3Apage%3Ad_flagship3_search_srp_people%3BXWyPRUfMQXW1oBhESz4OMQ%3D%3D&licu=urn%3Ali%3Acontrol%3Ad_flagship3_search_srp_people-search_srp_result&lici=USCxcIcAQiO%2BPbFmmCTjfg%3D%3D
third person bio,x,Web Developer,https://www.linkedin.com/in/audiodude/?lipi=urn%3Ali%3Apage%3Ad_flagship3_search_srp_people%3BYBvADlDuQh%2BrLiONuciBZg%3D%3D&licu=urn%3Ali%3Acontrol%3Ad_flagship3_search_srp_people-search_srp_result&lici=zCNy1ntHS526xPuNFeC79w%3D%3D,https://www.linkedin.com/in/audiodude/,lipi=urn%3Ali%3Apage%3Ad_flagship3_search_srp_people%3BYBvADlDuQh%2BrLiONuciBZg%3D%3D&licu=urn%3Ali%3Acontrol%3Ad_flagship3_search_srp_people-search_srp_result&lici=zCNy1ntHS526xPuNFeC79w%3D%3D
,,Senior Software Engineer,https://www.linkedin.com/in/prasadharidass/?lipi=urn%3Ali%3Apage%3Ad_flagship3_search_srp_people%3BYBvADlDuQh%2BrLiONuciBZg%3D%3D&licu=urn%3Ali%3Acontrol%3Ad_flagship3_search_srp_people-search_srp_result&lici=ReFXKDYtTLeBVHHXz8%2BOEA%3D%3D,https://www.linkedin.com/in/prasadharidass/,lipi=urn%3Ali%3Apage%3Ad_flagship3_search_srp_people%3BYBvADlDuQh%2BrLiONuciBZg%3D%3D&licu=urn%3Ali%3Acontrol%3Ad_flagship3_search_srp_people-search_srp_result&lici=ReFXKDYtTLeBVHHXz8%2BOEA%3D%3D
,,iOS Engineer / Mobile Engineer (UX Engineer),https://www.linkedin.com/in/clpope/?lipi=urn%3Ali%3Apage%3Ad_flagship3_search_srp_people%3BYBvADlDuQh%2BrLiONuciBZg%3D%3D&licu=urn%3Ali%3Acontrol%3Ad_flagship3_search_srp_people-search_srp_result&lici=9kWl95vHTJK3guxoE9zOlw%3D%3D,https://www.linkedin.com/in/clpope/,lipi=urn%3Ali%3Apage%3Ad_flagship3_search_srp_people%3BYBvADlDuQh%2BrLiONuciBZg%3D%3D&licu=urn%3Ali%3Acontrol%3Ad_flagship3_search_srp_people-search_srp_result&lici=9kWl95vHTJK3guxoE9zOlw%3D%3D
,,UX Engineer,https://www.linkedin.com/in/matthew-tait-4b651593/?lipi=urn%3Ali%3Apage%3Ad_flagship3_search_srp_people%3BYBvADlDuQh%2BrLiONuciBZg%3D%3D&licu=urn%3Ali%3Acontrol%3Ad_flagship3_search_srp_people-search_srp_result&lici=9%2BUDkSeBRcykbDHxkSUjFA%3D%3D,https://www.linkedin.com/in/matthew-tait-4b651593/,lipi=urn%3Ali%3Apage%3Ad_flagship3_search_srp_people%3BYBvADlDuQh%2BrLiONuciBZg%3D%3D&licu=urn%3Ali%3Acontrol%3Ad_flagship3_search_srp_people-search_srp_result&lici=9%2BUDkSeBRcykbDHxkSUjFA%3D%3D
UX Engineer during 20% time,x,Test Engineer @ Google Hardware,https://www.linkedin.com/in/yating-gao-40729086/?lipi=urn%3Ali%3Apage%3Ad_flagship3_search_srp_people%3BYBvADlDuQh%2BrLiONuciBZg%3D%3D&licu=urn%3Ali%3Acontrol%3Ad_flagship3_search_srp_people-search_srp_result&lici=FKEPScZVSI2Yicxrc%2Fr%2B5A%3D%3D,https://www.linkedin.com/in/yating-gao-40729086/,lipi=urn%3Ali%3Apage%3Ad_flagship3_search_srp_people%3BYBvADlDuQh%2BrLiONuciBZg%3D%3D&licu=urn%3Ali%3Acontrol%3Ad_flagship3_search_srp_people-search_srp_result&lici=FKEPScZVSI2Yicxrc%2Fr%2B5A%3D%3D
montage js framework,x ,Senior UX Engineer,https://www.linkedin.com/in/jonathan-reid-a5a2819/?lipi=urn%3Ali%3Apage%3Ad_flagship3_search_srp_people%3BYBvADlDuQh%2BrLiONuciBZg%3D%3D&licu=urn%3Ali%3Acontrol%3Ad_flagship3_search_srp_people-search_srp_result&lici=rvtZOJWvQeKLIyLTpkzrpQ%3D%3D,https://www.linkedin.com/in/jonathan-reid-a5a2819/,lipi=urn%3Ali%3Apage%3Ad_flagship3_search_srp_people%3BYBvADlDuQh%2BrLiONuciBZg%3D%3D&licu=urn%3Ali%3Acontrol%3Ad_flagship3_search_srp_people-search_srp_result&lici=rvtZOJWvQeKLIyLTpkzrpQ%3D%3D
,,Senior UX Engineer,https://www.linkedin.com/in/stevepaulo/?lipi=urn%3Ali%3Apage%3Ad_flagship3_search_srp_people%3BYBvADlDuQh%2BrLiONuciBZg%3D%3D&licu=urn%3Ali%3Acontrol%3Ad_flagship3_search_srp_people-search_srp_result&lici=BRH4v%2BmESOa3r0YGpF1Y5A%3D%3D,https://www.linkedin.com/in/stevepaulo/,lipi=urn%3Ali%3Apage%3Ad_flagship3_search_srp_people%3BYBvADlDuQh%2BrLiONuciBZg%3D%3D&licu=urn%3Ali%3Acontrol%3Ad_flagship3_search_srp_people-search_srp_result&lici=BRH4v%2BmESOa3r0YGpF1Y5A%3D%3D
VR Stories,x,UX Engineer,https://www.linkedin.com/in/josiahlarson/?lipi=urn%3Ali%3Apage%3Ad_flagship3_search_srp_people%3BYBvADlDuQh%2BrLiONuciBZg%3D%3D&licu=urn%3Ali%3Acontrol%3Ad_flagship3_search_srp_people-search_srp_result&lici=va6S49DmRQ2Bbg0mOIk1ww%3D%3D,https://www.linkedin.com/in/josiahlarson/,lipi=urn%3Ali%3Apage%3Ad_flagship3_search_srp_people%3BYBvADlDuQh%2BrLiONuciBZg%3D%3D&licu=urn%3Ali%3Acontrol%3Ad_flagship3_search_srp_people-search_srp_result&lici=va6S49DmRQ2Bbg0mOIk1ww%3D%3D
has an open source project,x,"Web Developer, UX Engineer",https://www.linkedin.com/in/erwin-mombay-50587a68/?lipi=urn%3Ali%3Apage%3Ad_flagship3_search_srp_people%3BYBvADlDuQh%2BrLiONuciBZg%3D%3D&licu=urn%3Ali%3Acontrol%3Ad_flagship3_search_srp_people-search_srp_result&lici=V%2FbpgOyLS6a3W3rWxoYjEQ%3D%3D,https://www.linkedin.com/in/erwin-mombay-50587a68/,lipi=urn%3Ali%3Apage%3Ad_flagship3_search_srp_people%3BYBvADlDuQh%2BrLiONuciBZg%3D%3D&licu=urn%3Ali%3Acontrol%3Ad_flagship3_search_srp_people-search_srp_result&lici=V%2FbpgOyLS6a3W3rWxoYjEQ%3D%3D
is in Sunnyvale,x,UX Engineer,https://www.linkedin.com/in/colinsharp1/?lipi=urn%3Ali%3Apage%3Ad_flagship3_search_srp_people%3BYBvADlDuQh%2BrLiONuciBZg%3D%3D&licu=urn%3Ali%3Acontrol%3Ad_flagship3_search_srp_people-search_srp_result&lici=7VqEWN5GSJic24z6HSD2og%3D%3D,https://www.linkedin.com/in/colinsharp1/,lipi=urn%3Ali%3Apage%3Ad_flagship3_search_srp_people%3BYBvADlDuQh%2BrLiONuciBZg%3D%3D&licu=urn%3Ali%3Acontrol%3Ad_flagship3_search_srp_people-search_srp_result&lici=7VqEWN5GSJic24z6HSD2og%3D%3D
,,UX Engineer,https://www.linkedin.com/in/noelle-jung-59298162/?lipi=urn%3Ali%3Apage%3Ad_flagship3_search_srp_people%3B%2FZ3eAx6vSEu7Uxv1dRdRyQ%3D%3D&licu=urn%3Ali%3Acontrol%3Ad_flagship3_search_srp_people-search_srp_result&lici=UNM7uqBpTo6KQMAdiCFugg%3D%3D,https://www.linkedin.com/in/noelle-jung-59298162/,lipi=urn%3Ali%3Apage%3Ad_flagship3_search_srp_people%3B%2FZ3eAx6vSEu7Uxv1dRdRyQ%3D%3D&licu=urn%3Ali%3Acontrol%3Ad_flagship3_search_srp_people-search_srp_result&lici=UNM7uqBpTo6KQMAdiCFugg%3D%3D
,,Senior UX Engineer,https://www.linkedin.com/in/boaye/?lipi=urn%3Ali%3Apage%3Ad_flagship3_search_srp_people%3B%2FZ3eAx6vSEu7Uxv1dRdRyQ%3D%3D&licu=urn%3Ali%3Acontrol%3Ad_flagship3_search_srp_people-search_srp_result&lici=f%2F%2FKD42ZRlapJxmN%2FGI6WQ%3D%3D,https://www.linkedin.com/in/boaye/,lipi=urn%3Ali%3Apage%3Ad_flagship3_search_srp_people%3B%2FZ3eAx6vSEu7Uxv1dRdRyQ%3D%3D&licu=urn%3Ali%3Acontrol%3Ad_flagship3_search_srp_people-search_srp_result&lici=f%2F%2FKD42ZRlapJxmN%2FGI6WQ%3D%3D
area 120,x,UX / Front-end Lead and Co-founder @ Area 120,https://www.linkedin.com/in/eric-guzman-b3230513/?lipi=urn%3Ali%3Apage%3Ad_flagship3_search_srp_people%3B%2FZ3eAx6vSEu7Uxv1dRdRyQ%3D%3D&licu=urn%3Ali%3Acontrol%3Ad_flagship3_search_srp_people-search_srp_result&lici=eC%2BPRS5sRSKAL23l0CB8nQ%3D%3D,https://www.linkedin.com/in/eric-guzman-b3230513/,lipi=urn%3Ali%3Apage%3Ad_flagship3_search_srp_people%3B%2FZ3eAx6vSEu7Uxv1dRdRyQ%3D%3D&licu=urn%3Ali%3Acontrol%3Ad_flagship3_search_srp_people-search_srp_result&lici=eC%2BPRS5sRSKAL23l0CB8nQ%3D%3D
,,Developer - Creative Innovation,https://www.linkedin.com/in/usama-inam-73826072/?lipi=urn%3Ali%3Apage%3Ad_flagship3_search_srp_people%3B%2FZ3eAx6vSEu7Uxv1dRdRyQ%3D%3D&licu=urn%3Ali%3Acontrol%3Ad_flagship3_search_srp_people-search_srp_result&lici=6qd33lpQTR6ImKfT4yvFvw%3D%3D,https://www.linkedin.com/in/usama-inam-73826072/,lipi=urn%3Ali%3Apage%3Ad_flagship3_search_srp_people%3B%2FZ3eAx6vSEu7Uxv1dRdRyQ%3D%3D&licu=urn%3Ali%3Acontrol%3Ad_flagship3_search_srp_people-search_srp_result&lici=6qd33lpQTR6ImKfT4yvFvw%3D%3D
mentions history of UXE in experience,x,Software Engineer,https://www.linkedin.com/in/maeganclawges/?lipi=urn%3Ali%3Apage%3Ad_flagship3_search_srp_people%3B%2FZ3eAx6vSEu7Uxv1dRdRyQ%3D%3D&licu=urn%3Ali%3Acontrol%3Ad_flagship3_search_srp_people-search_srp_result&lici=8ejWrNZtQ2SRnM%2FGjK7Ycw%3D%3D,https://www.linkedin.com/in/maeganclawges/,lipi=urn%3Ali%3Apage%3Ad_flagship3_search_srp_people%3B%2FZ3eAx6vSEu7Uxv1dRdRyQ%3D%3D&licu=urn%3Ali%3Acontrol%3Ad_flagship3_search_srp_people-search_srp_result&lici=8ejWrNZtQ2SRnM%2FGjK7Ycw%3D%3D
,,Solutions Engineer,https://www.linkedin.com/in/aseemagarwal/?lipi=urn%3Ali%3Apage%3Ad_flagship3_search_srp_people%3B%2FZ3eAx6vSEu7Uxv1dRdRyQ%3D%3D&licu=urn%3Ali%3Acontrol%3Ad_flagship3_search_srp_people-search_srp_result&lici=3hFd9IanRvuaZMIuzyeYpA%3D%3D,https://www.linkedin.com/in/aseemagarwal/,lipi=urn%3Ali%3Apage%3Ad_flagship3_search_srp_people%3B%2FZ3eAx6vSEu7Uxv1dRdRyQ%3D%3D&licu=urn%3Ali%3Acontrol%3Ad_flagship3_search_srp_people-search_srp_result&lici=3hFd9IanRvuaZMIuzyeYpA%3D%3D
,,"UX Engineer, Design (IoT)",https://www.linkedin.com/in/dingxu/?lipi=urn%3Ali%3Apage%3Ad_flagship3_search_srp_people%3B%2FZ3eAx6vSEu7Uxv1dRdRyQ%3D%3D&licu=urn%3Ali%3Acontrol%3Ad_flagship3_search_srp_people-search_srp_result&lici=484BO3pfRpChXGWQSMsFfg%3D%3D,https://www.linkedin.com/in/dingxu/,lipi=urn%3Ali%3Apage%3Ad_flagship3_search_srp_people%3B%2FZ3eAx6vSEu7Uxv1dRdRyQ%3D%3D&licu=urn%3Ali%3Acontrol%3Ad_flagship3_search_srp_people-search_srp_result&lici=484BO3pfRpChXGWQSMsFfg%3D%3D
works with interviewing.io,x,UX Engineer,https://www.linkedin.com/in/rahulchoudhury/?lipi=urn%3Ali%3Apage%3Ad_flagship3_search_srp_people%3B%2FZ3eAx6vSEu7Uxv1dRdRyQ%3D%3D&licu=urn%3Ali%3Acontrol%3Ad_flagship3_search_srp_people-search_srp_result&lici=d2UcxaIdSj2vBsf2V40ohg%3D%3D,https://www.linkedin.com/in/rahulchoudhury/,lipi=urn%3Ali%3Apage%3Ad_flagship3_search_srp_people%3B%2FZ3eAx6vSEu7Uxv1dRdRyQ%3D%3D&licu=urn%3Ali%3Acontrol%3Ad_flagship3_search_srp_people-search_srp_result&lici=d2UcxaIdSj2vBsf2V40ohg%3D%3D
in Sunnyvale,x,UX Engineer,https://www.linkedin.com/in/chrisxnelson/?lipi=urn%3Ali%3Apage%3Ad_flagship3_search_srp_people%3B%2FZ3eAx6vSEu7Uxv1dRdRyQ%3D%3D&licu=urn%3Ali%3Acontrol%3Ad_flagship3_search_srp_people-search_srp_result&lici=X%2BBLcV%2BDRTWarAc2JcaCSw%3D%3D,https://www.linkedin.com/in/chrisxnelson/,lipi=urn%3Ali%3Apage%3Ad_flagship3_search_srp_people%3B%2FZ3eAx6vSEu7Uxv1dRdRyQ%3D%3D&licu=urn%3Ali%3Acontrol%3Ad_flagship3_search_srp_people-search_srp_result&lici=X%2BBLcV%2BDRTWarAc2JcaCSw%3D%3D
,,"UX Engineer, Design",https://www.linkedin.com/in/brentonsimpson/?lipi=urn%3Ali%3Apage%3Ad_flagship3_search_srp_people%3B%2FZ3eAx6vSEu7Uxv1dRdRyQ%3D%3D&licu=urn%3Ali%3Acontrol%3Ad_flagship3_search_srp_people-search_srp_result&lici=PxZaTDkOTAWqvqwthtwm3g%3D%3D,https://www.linkedin.com/in/brentonsimpson/,lipi=urn%3Ali%3Apage%3Ad_flagship3_search_srp_people%3B%2FZ3eAx6vSEu7Uxv1dRdRyQ%3D%3D&licu=urn%3Ali%3Acontrol%3Ad_flagship3_search_srp_people-search_srp_result&lici=PxZaTDkOTAWqvqwthtwm3g%3D%3D
,,Associate Product Manager,https://www.linkedin.com/in/shunyaoli/?lipi=urn%3Ali%3Apage%3Ad_flagship3_search_srp_people%3BPJANk3VkTvmT8l2vKsq60g%3D%3D&licu=urn%3Ali%3Acontrol%3Ad_flagship3_search_srp_people-search_srp_result&lici=hBo5K%2BPaThi4q6VudqrVjw%3D%3D,https://www.linkedin.com/in/shunyaoli/,lipi=urn%3Ali%3Apage%3Ad_flagship3_search_srp_people%3BPJANk3VkTvmT8l2vKsq60g%3D%3D&licu=urn%3Ali%3Acontrol%3Ad_flagship3_search_srp_people-search_srp_result&lici=hBo5K%2BPaThi4q6VudqrVjw%3D%3D
datavis,x,"UX Engineer, Daydream",https://www.linkedin.com/in/patrickgunderson/?lipi=urn%3Ali%3Apage%3Ad_flagship3_search_srp_people%3BPJANk3VkTvmT8l2vKsq60g%3D%3D&licu=urn%3Ali%3Acontrol%3Ad_flagship3_search_srp_people-search_srp_result&lici=Jm8KNCn%2FQJuO%2BWCu%2B4dt3g%3D%3D,https://www.linkedin.com/in/patrickgunderson/,lipi=urn%3Ali%3Apage%3Ad_flagship3_search_srp_people%3BPJANk3VkTvmT8l2vKsq60g%3D%3D&licu=urn%3Ali%3Acontrol%3Ad_flagship3_search_srp_people-search_srp_result&lici=Jm8KNCn%2FQJuO%2BWCu%2B4dt3g%3D%3D
project soli,x,Senior UX Engineer,https://www.linkedin.com/in/eiji-hayashi-254701b6/?lipi=urn%3Ali%3Apage%3Ad_flagship3_search_srp_people%3BPJANk3VkTvmT8l2vKsq60g%3D%3D&licu=urn%3Ali%3Acontrol%3Ad_flagship3_search_srp_people-search_srp_result&lici=kcxaLcQMSmqwSmdMq1DYlw%3D%3D,https://www.linkedin.com/in/eiji-hayashi-254701b6/,lipi=urn%3Ali%3Apage%3Ad_flagship3_search_srp_people%3BPJANk3VkTvmT8l2vKsq60g%3D%3D&licu=urn%3Ali%3Acontrol%3Ad_flagship3_search_srp_people-search_srp_result&lici=kcxaLcQMSmqwSmdMq1DYlw%3D%3D
"code for linkedin banner, area 120",x,Senior Software Engineer,https://www.linkedin.com/in/andy-poes-a078262/?lipi=urn%3Ali%3Apage%3Ad_flagship3_search_srp_people%3BPJANk3VkTvmT8l2vKsq60g%3D%3D&licu=urn%3Ali%3Acontrol%3Ad_flagship3_search_srp_people-search_srp_result&lici=3al5mbt6REmNDSKpV%2FmC8Q%3D%3D,https://www.linkedin.com/in/andy-poes-a078262/,lipi=urn%3Ali%3Apage%3Ad_flagship3_search_srp_people%3BPJANk3VkTvmT8l2vKsq60g%3D%3D&licu=urn%3Ali%3Acontrol%3Ad_flagship3_search_srp_people-search_srp_result&lici=3al5mbt6REmNDSKpV%2FmC8Q%3D%3D
,,UX Designer,https://www.linkedin.com/in/mediamichael/?lipi=urn%3Ali%3Apage%3Ad_flagship3_search_srp_people%3BPJANk3VkTvmT8l2vKsq60g%3D%3D&licu=urn%3Ali%3Acontrol%3Ad_flagship3_search_srp_people-search_srp_result&lici=1yb2UfuYSoGj9DWrS%2FxJCw%3D%3D,https://www.linkedin.com/in/mediamichael/,lipi=urn%3Ali%3Apage%3Ad_flagship3_search_srp_people%3BPJANk3VkTvmT8l2vKsq60g%3D%3D&licu=urn%3Ali%3Acontrol%3Ad_flagship3_search_srp_people-search_srp_result&lici=1yb2UfuYSoGj9DWrS%2FxJCw%3D%3D
he is hiring for Google Assistant projects,x,UX Engineering,https://www.linkedin.com/in/yuchang/?lipi=urn%3Ali%3Apage%3Ad_flagship3_search_srp_people%3BPJANk3VkTvmT8l2vKsq60g%3D%3D&licu=urn%3Ali%3Acontrol%3Ad_flagship3_search_srp_people-search_srp_result&lici=9JXS4BrWQ162Ax2YO2vYdA%3D%3D,https://www.linkedin.com/in/yuchang/,lipi=urn%3Ali%3Apage%3Ad_flagship3_search_srp_people%3BPJANk3VkTvmT8l2vKsq60g%3D%3D&licu=urn%3Ali%3Acontrol%3Ad_flagship3_search_srp_people-search_srp_result&lici=9JXS4BrWQ162Ax2YO2vYdA%3D%3D
ar prototypes,x,Senior UX Engineer,https://www.linkedin.com/in/marshallworks/?lipi=urn%3Ali%3Apage%3Ad_flagship3_search_srp_people%3BPJANk3VkTvmT8l2vKsq60g%3D%3D&licu=urn%3Ali%3Acontrol%3Ad_flagship3_search_srp_people-search_srp_result&lici=TzcaqVZNRFCIYAv2ttXP2w%3D%3D,https://www.linkedin.com/in/marshallworks/,lipi=urn%3Ali%3Apage%3Ad_flagship3_search_srp_people%3BPJANk3VkTvmT8l2vKsq60g%3D%3D&licu=urn%3Ali%3Acontrol%3Ad_flagship3_search_srp_people-search_srp_result&lici=TzcaqVZNRFCIYAv2ttXP2w%3D%3D
"Cloud AI, in Sunnyvale",x,Interaction Designer,https://www.linkedin.com/in/kaiwei-wang/?lipi=urn%3Ali%3Apage%3Ad_flagship3_search_srp_people%3BPJANk3VkTvmT8l2vKsq60g%3D%3D&licu=urn%3Ali%3Acontrol%3Ad_flagship3_search_srp_people-search_srp_result&lici=aSUtI4fXSDqYn9pDT1H2pQ%3D%3D,https://www.linkedin.com/in/kaiwei-wang/,lipi=urn%3Ali%3Apage%3Ad_flagship3_search_srp_people%3BPJANk3VkTvmT8l2vKsq60g%3D%3D&licu=urn%3Ali%3Acontrol%3Ad_flagship3_search_srp_people-search_srp_result&lici=aSUtI4fXSDqYn9pDT1H2pQ%3D%3D
,,"Lead, Search and Assistant UX Engineering",https://www.linkedin.com/in/mindy-dellicarpini-7297701/?lipi=urn%3Ali%3Apage%3Ad_flagship3_search_srp_people%3B0q3l%2FT2PT0%2B%2Bbm9ccljDAw%3D%3D&licu=urn%3Ali%3Acontrol%3Ad_flagship3_search_srp_people-search_srp_result&lici=E3M7rlp8RaunAVfNus9NfA%3D%3D,https://www.linkedin.com/in/mindy-dellicarpini-7297701/,lipi=urn%3Ali%3Apage%3Ad_flagship3_search_srp_people%3B0q3l%2FT2PT0%2B%2Bbm9ccljDAw%3D%3D&licu=urn%3Ali%3Acontrol%3Ad_flagship3_search_srp_people-search_srp_result&lici=E3M7rlp8RaunAVfNus9NfA%3D%3D
,,UX Engineer (Fuchsia OS),https://www.linkedin.com/in/david-yang-b4134311/?lipi=urn%3Ali%3Apage%3Ad_flagship3_search_srp_people%3B0q3l%2FT2PT0%2B%2Bbm9ccljDAw%3D%3D&licu=urn%3Ali%3Acontrol%3Ad_flagship3_search_srp_people-search_srp_result&lici=9mHME5qFRNWahYuChLQ6Pw%3D%3D,https://www.linkedin.com/in/david-yang-b4134311/,lipi=urn%3Ali%3Apage%3Ad_flagship3_search_srp_people%3B0q3l%2FT2PT0%2B%2Bbm9ccljDAw%3D%3D&licu=urn%3Ali%3Acontrol%3Ad_flagship3_search_srp_people-search_srp_result&lici=9mHME5qFRNWahYuChLQ6Pw%3D%3D
"AR, datavis",x,VR/AR/UI/UX Engineeing & Product Design,https://www.linkedin.com/in/shiblee/?lipi=urn%3Ali%3Apage%3Ad_flagship3_search_srp_people%3B0q3l%2FT2PT0%2B%2Bbm9ccljDAw%3D%3D&licu=urn%3Ali%3Acontrol%3Ad_flagship3_search_srp_people-search_srp_result&lici=QWzCflh%2FT%2FCNDgWjzUqSYQ%3D%3D,https://www.linkedin.com/in/shiblee/,lipi=urn%3Ali%3Apage%3Ad_flagship3_search_srp_people%3B0q3l%2FT2PT0%2B%2Bbm9ccljDAw%3D%3D&licu=urn%3Ali%3Acontrol%3Ad_flagship3_search_srp_people-search_srp_result&lici=QWzCflh%2FT%2FCNDgWjzUqSYQ%3D%3D
,,Product Manager,https://www.linkedin.com/in/chris-conover-xyz/?lipi=urn%3Ali%3Apage%3Ad_flagship3_search_srp_people%3B0q3l%2FT2PT0%2B%2Bbm9ccljDAw%3D%3D&licu=urn%3Ali%3Acontrol%3Ad_flagship3_search_srp_people-search_srp_result&lici=hB45NspDQpiPBbBS8w%2Fxvw%3D%3D,https://www.linkedin.com/in/chris-conover-xyz/,lipi=urn%3Ali%3Apage%3Ad_flagship3_search_srp_people%3B0q3l%2FT2PT0%2B%2Bbm9ccljDAw%3D%3D&licu=urn%3Ali%3Acontrol%3Ad_flagship3_search_srp_people-search_srp_result&lici=hB45NspDQpiPBbBS8w%2Fxvw%3D%3D
,,Frontend Developer,https://www.linkedin.com/in/juyoungp88/?lipi=urn%3Ali%3Apage%3Ad_flagship3_search_srp_people%3B0q3l%2FT2PT0%2B%2Bbm9ccljDAw%3D%3D&licu=urn%3Ali%3Acontrol%3Ad_flagship3_search_srp_people-search_srp_result&lici=VIz5FuhBQm65Vd3Z936eaw%3D%3D,https://www.linkedin.com/in/juyoungp88/,lipi=urn%3Ali%3Apage%3Ad_flagship3_search_srp_people%3B0q3l%2FT2PT0%2B%2Bbm9ccljDAw%3D%3D&licu=urn%3Ali%3Acontrol%3Ad_flagship3_search_srp_people-search_srp_result&lici=VIz5FuhBQm65Vd3Z936eaw%3D%3D
,,Developer Advocate,https://www.linkedin.com/in/kennethford93/?lipi=urn%3Ali%3Apage%3Ad_flagship3_search_srp_people%3B0q3l%2FT2PT0%2B%2Bbm9ccljDAw%3D%3D&licu=urn%3Ali%3Acontrol%3Ad_flagship3_search_srp_people-search_srp_result&lici=aDpz1%2BcZRteJAPHac5Yvqw%3D%3D,https://www.linkedin.com/in/kennethford93/,lipi=urn%3Ali%3Apage%3Ad_flagship3_search_srp_people%3B0q3l%2FT2PT0%2B%2Bbm9ccljDAw%3D%3D&licu=urn%3Ali%3Acontrol%3Ad_flagship3_search_srp_people-search_srp_result&lici=aDpz1%2BcZRteJAPHac5Yvqw%3D%3D
,,Interaction Designer,https://www.linkedin.com/in/websiddu/?lipi=urn%3Ali%3Apage%3Ad_flagship3_search_srp_people%3B0q3l%2FT2PT0%2B%2Bbm9ccljDAw%3D%3D&licu=urn%3Ali%3Acontrol%3Ad_flagship3_search_srp_people-search_srp_result&lici=KNnDhxyWQpW1jLRmQjJ4SA%3D%3D,https://www.linkedin.com/in/websiddu/,lipi=urn%3Ali%3Apage%3Ad_flagship3_search_srp_people%3B0q3l%2FT2PT0%2B%2Bbm9ccljDAw%3D%3D&licu=urn%3Ali%3Acontrol%3Ad_flagship3_search_srp_people-search_srp_result&lici=KNnDhxyWQpW1jLRmQjJ4SA%3D%3D
,,Software Engineer,https://www.linkedin.com/in/rabbe/?lipi=urn%3Ali%3Apage%3Ad_flagship3_search_srp_people%3B0q3l%2FT2PT0%2B%2Bbm9ccljDAw%3D%3D&licu=urn%3Ali%3Acontrol%3Ad_flagship3_search_srp_people-search_srp_result&lici=qEd7LMz%2BSpSztXlQQsZXog%3D%3D,https://www.linkedin.com/in/rabbe/,lipi=urn%3Ali%3Apage%3Ad_flagship3_search_srp_people%3B0q3l%2FT2PT0%2B%2Bbm9ccljDAw%3D%3D&licu=urn%3Ali%3Acontrol%3Ad_flagship3_search_srp_people-search_srp_result&lici=qEd7LMz%2BSpSztXlQQsZXog%3D%3D
,,UX Lead,https://www.linkedin.com/in/malhargupta/?lipi=urn%3Ali%3Apage%3Ad_flagship3_search_srp_people%3B0q3l%2FT2PT0%2B%2Bbm9ccljDAw%3D%3D&licu=urn%3Ali%3Acontrol%3Ad_flagship3_search_srp_people-search_srp_result&lici=L820l4Y4QvS3ysqgBTlA%2BQ%3D%3D,https://www.linkedin.com/in/malhargupta/,lipi=urn%3Ali%3Apage%3Ad_flagship3_search_srp_people%3B0q3l%2FT2PT0%2B%2Bbm9ccljDAw%3D%3D&licu=urn%3Ali%3Acontrol%3Ad_flagship3_search_srp_people-search_srp_result&lici=L820l4Y4QvS3ysqgBTlA%2BQ%3D%3D
flaming polymath,x,Lead Horology Designer,https://www.linkedin.com/in/johnnyangelo/?lipi=urn%3Ali%3Apage%3Ad_flagship3_search_srp_people%3B0q3l%2FT2PT0%2B%2Bbm9ccljDAw%3D%3D&licu=urn%3Ali%3Acontrol%3Ad_flagship3_search_srp_people-search_srp_result&lici=6CHvt%2Bv7TZqraPY1XYBlfA%3D%3D,https://www.linkedin.com/in/johnnyangelo/,lipi=urn%3Ali%3Apage%3Ad_flagship3_search_srp_people%3B0q3l%2FT2PT0%2B%2Bbm9ccljDAw%3D%3D&licu=urn%3Ali%3Acontrol%3Ad_flagship3_search_srp_people-search_srp_result&lici=6CHvt%2Bv7TZqraPY1XYBlfA%3D%3D
,,"Program Manager, Social Media Manager",https://www.linkedin.com/in/jasmine-rogers-a106151/?lipi=urn%3Ali%3Apage%3Ad_flagship3_search_srp_people%3BJSnm0NdgT6KOky9p%2BL4sqA%3D%3D&licu=urn%3Ali%3Acontrol%3Ad_flagship3_search_srp_people-search_srp_result&lici=riIV7JmeRku4hrYncXGVjA%3D%3D,https://www.linkedin.com/in/jasmine-rogers-a106151/,lipi=urn%3Ali%3Apage%3Ad_flagship3_search_srp_people%3BJSnm0NdgT6KOky9p%2BL4sqA%3D%3D&licu=urn%3Ali%3Acontrol%3Ad_flagship3_search_srp_people-search_srp_result&lici=riIV7JmeRku4hrYncXGVjA%3D%3D
,,User Experience Research Lead,https://www.linkedin.com/in/swalter24/?lipi=urn%3Ali%3Apage%3Ad_flagship3_search_srp_people%3BJSnm0NdgT6KOky9p%2BL4sqA%3D%3D&licu=urn%3Ali%3Acontrol%3Ad_flagship3_search_srp_people-search_srp_result&lici=%2FQ8qd2vaTzCLoSEDN2JZqQ%3D%3D,https://www.linkedin.com/in/swalter24/,lipi=urn%3Ali%3Apage%3Ad_flagship3_search_srp_people%3BJSnm0NdgT6KOky9p%2BL4sqA%3D%3D&licu=urn%3Ali%3Acontrol%3Ad_flagship3_search_srp_people-search_srp_result&lici=%2FQ8qd2vaTzCLoSEDN2JZqQ%3D%3D
,,Techical Recruiter,https://www.linkedin.com/in/seanmichetti/?lipi=urn%3Ali%3Apage%3Ad_flagship3_search_srp_people%3BJSnm0NdgT6KOky9p%2BL4sqA%3D%3D&licu=urn%3Ali%3Acontrol%3Ad_flagship3_search_srp_people-search_srp_result&lici=O0p0RoaBSwWBmx0Z7O4xFg%3D%3D,https://www.linkedin.com/in/seanmichetti/,lipi=urn%3Ali%3Apage%3Ad_flagship3_search_srp_people%3BJSnm0NdgT6KOky9p%2BL4sqA%3D%3D&licu=urn%3Ali%3Acontrol%3Ad_flagship3_search_srp_people-search_srp_result&lici=O0p0RoaBSwWBmx0Z7O4xFg%3D%3D